-- phpMyAdmin SQL Dump
-- version 3.3.10deb1
-- http://www.phpmyadmin.net
--
-- Host: localhost
-- Generation Time: Jul 05, 2011 at 11:01 PM
-- Server version: 5.1.54
-- PHP Version: 5.3.5-1ubuntu7.2

SET SQL_MODE="NO_AUTO_VALUE_ON_ZERO";


/*!40101 SET @OLD_CHARACTER_SET_CLIENT=@@CHARACTER_SET_CLIENT */;
/*!40101 SET @OLD_CHARACTER_SET_RESULTS=@@CHARACTER_SET_RESULTS */;
/*!40101 SET @OLD_COLLATION_CONNECTION=@@COLLATION_CONNECTION */;
/*!40101 SET NAMES utf8 */;

--
-- Database: `nova`
--

-- --------------------------------------------------------

--
-- Table structure for table `auth_tokens`
--

CREATE TABLE IF NOT EXISTS `auth_tokens` (
  `created_at` datetime DEFAULT NULL,
  `updated_at` datetime DEFAULT NULL,
  `deleted_at` datetime DEFAULT NULL,
  `deleted` tinyint(1) DEFAULT NULL,
  `token_hash` varchar(255) NOT NULL,
  `user_id` varchar(255) DEFAULT NULL,
  `server_manageent_url` varchar(255) DEFAULT NULL,
  `storage_url` varchar(255) DEFAULT NULL,
  `cdn_management_url` varchar(255) DEFAULT NULL,
  PRIMARY KEY (`token_hash`)
) ENGINE=MyISAM DEFAULT CHARSET=latin1;

--
-- Dumping data for table `auth_tokens`
--

INSERT INTO `auth_tokens` (`created_at`, `updated_at`, `deleted_at`, `deleted`, `token_hash`, `user_id`, `server_manageent_url`, `storage_url`, `cdn_management_url`) VALUES
('2011-07-04 09:31:28', NULL, NULL, 0, 'bda6e537a0627243c6405a1730d77e5a8b0011b4', 'hugo', NULL, '', ''),
('2011-07-04 09:33:12', NULL, NULL, 0, 'de59dea6bc984078911449fcdc705f04009d731e', 'hugo', NULL, '', ''),
('2011-07-04 09:33:13', NULL, NULL, 0, '48a1e28822b2b90366031da74335ae68cbf1066d', 'hugo', NULL, '', ''),
('2011-07-04 09:46:41', NULL, NULL, 0, '6d8a45b410f7a9098207b9419b10aa6de7dd4e45', 'hugo', NULL, '', ''),
('2011-07-05 05:38:59', NULL, NULL, 0, '1528ab79b29e9d21ad01fa19b3043ad99dcb3b80', 'hugo', NULL, '', ''),
('2011-07-05 06:52:05', NULL, NULL, 0, 'f7b8c0fd24808ff1ba6f1694e6524ac664e6a378', 'hugo', NULL, '', '');

-- --------------------------------------------------------

--
-- Table structure for table `certificates`
--

CREATE TABLE IF NOT EXISTS `certificates` (
  `created_at` datetime DEFAULT NULL,
  `updated_at` datetime DEFAULT NULL,
  `deleted_at` datetime DEFAULT NULL,
  `deleted` tinyint(1) DEFAULT NULL,
  `id` int(11) NOT NULL AUTO_INCREMENT,
  `user_id` varchar(255) DEFAULT NULL,
  `project_id` varchar(255) DEFAULT NULL,
  `file_name` varchar(255) DEFAULT NULL,
  PRIMARY KEY (`id`)
) ENGINE=MyISAM  DEFAULT CHARSET=latin1 AUTO_INCREMENT=4 ;

--
-- Dumping data for table `certificates`
--

INSERT INTO `certificates` (`created_at`, `updated_at`, `deleted_at`, `deleted`, `id`, `user_id`, `project_id`, `file_name`) VALUES
('2011-07-04 09:14:30', NULL, NULL, 0, 1, 'hugo', 'pro1', '/var/lib/nova/CA/newcerts/10.pem'),
('2011-07-05 06:47:08', NULL, NULL, 0, 2, 'hugo', 'pro2', '/var/lib/nova/CA/newcerts/11.pem'),
('2011-07-05 10:51:41', NULL, NULL, 0, 3, 'hugo', 'pro3', '/var/lib/nova/CA/newcerts/13.pem');

-- --------------------------------------------------------

--
-- Table structure for table `compute_nodes`
--

CREATE TABLE IF NOT EXISTS `compute_nodes` (
  `created_at` datetime DEFAULT NULL,
  `updated_at` datetime DEFAULT NULL,
  `deleted_at` datetime DEFAULT NULL,
  `deleted` tinyint(1) DEFAULT NULL,
  `id` int(11) NOT NULL AUTO_INCREMENT,
  `service_id` int(11) NOT NULL,
  `vcpus` int(11) NOT NULL,
  `memory_mb` int(11) NOT NULL,
  `local_gb` int(11) NOT NULL,
  `vcpus_used` int(11) NOT NULL,
  `memory_mb_used` int(11) NOT NULL,
  `local_gb_used` int(11) NOT NULL,
  `hypervisor_type` text NOT NULL,
  `hypervisor_version` int(11) NOT NULL,
  `cpu_info` text NOT NULL,
  PRIMARY KEY (`id`)
) ENGINE=MyISAM  DEFAULT CHARSET=latin1 AUTO_INCREMENT=2 ;

--
-- Dumping data for table `compute_nodes`
--

INSERT INTO `compute_nodes` (`created_at`, `updated_at`, `deleted_at`, `deleted`, `id`, `service_id`, `vcpus`, `memory_mb`, `local_gb`, `vcpus_used`, `memory_mb_used`, `local_gb_used`, `hypervisor_type`, `hypervisor_version`, `cpu_info`) VALUES
('2011-07-04 09:37:49', '2011-07-05 11:05:14', NULL, 0, 1, 1, 8, 3849, 458, 0, 284, 27, 'QEMU', 14000, '{"vendor": "Intel", "model": "Westmere", "arch": "x86_64", "features": ["rdtscp", "x2apic", "xtpr", "tm2", "est", "vmx", "ds_cpl", "monitor", "pbe", "tm", "ht", "ss", "acpi", "ds", "vme"], "topology": {"cores": "4", "threads": "2", "sockets": "1"}}');

-- --------------------------------------------------------

--
-- Table structure for table `consoles`
--

CREATE TABLE IF NOT EXISTS `consoles` (
  `created_at` datetime DEFAULT NULL,
  `updated_at` datetime DEFAULT NULL,
  `deleted_at` datetime DEFAULT NULL,
  `deleted` tinyint(1) DEFAULT NULL,
  `id` int(11) NOT NULL AUTO_INCREMENT,
  `instance_name` varchar(255) DEFAULT NULL,
  `instance_id` int(11) DEFAULT NULL,
  `password` varchar(255) DEFAULT NULL,
  `port` int(11) DEFAULT NULL,
  `pool_id` int(11) DEFAULT NULL,
  PRIMARY KEY (`id`),
  KEY `pool_id` (`pool_id`)
) ENGINE=MyISAM DEFAULT CHARSET=latin1 AUTO_INCREMENT=1 ;

--
-- Dumping data for table `consoles`
--


-- --------------------------------------------------------

--
-- Table structure for table `console_pools`
--

CREATE TABLE IF NOT EXISTS `console_pools` (
  `created_at` datetime DEFAULT NULL,
  `updated_at` datetime DEFAULT NULL,
  `deleted_at` datetime DEFAULT NULL,
  `deleted` tinyint(1) DEFAULT NULL,
  `id` int(11) NOT NULL AUTO_INCREMENT,
  `address` varchar(255) DEFAULT NULL,
  `username` varchar(255) DEFAULT NULL,
  `password` varchar(255) DEFAULT NULL,
  `console_type` varchar(255) DEFAULT NULL,
  `public_hostname` varchar(255) DEFAULT NULL,
  `host` varchar(255) DEFAULT NULL,
  `compute_host` varchar(255) DEFAULT NULL,
  PRIMARY KEY (`id`)
) ENGINE=MyISAM DEFAULT CHARSET=latin1 AUTO_INCREMENT=1 ;

--
-- Dumping data for table `console_pools`
--


-- --------------------------------------------------------

--
-- Table structure for table `export_devices`
--

CREATE TABLE IF NOT EXISTS `export_devices` (
  `created_at` datetime DEFAULT NULL,
  `updated_at` datetime DEFAULT NULL,
  `deleted_at` datetime DEFAULT NULL,
  `deleted` tinyint(1) DEFAULT NULL,
  `id` int(11) NOT NULL AUTO_INCREMENT,
  `shelf_id` int(11) DEFAULT NULL,
  `blade_id` int(11) DEFAULT NULL,
  `volume_id` int(11) DEFAULT NULL,
  PRIMARY KEY (`id`),
  KEY `volume_id` (`volume_id`)
) ENGINE=MyISAM DEFAULT CHARSET=latin1 AUTO_INCREMENT=1 ;

--
-- Dumping data for table `export_devices`
--


-- --------------------------------------------------------

--
-- Table structure for table `fixed_ips`
--

CREATE TABLE IF NOT EXISTS `fixed_ips` (
  `created_at` datetime DEFAULT NULL,
  `updated_at` datetime DEFAULT NULL,
  `deleted_at` datetime DEFAULT NULL,
  `deleted` tinyint(1) DEFAULT NULL,
  `id` int(11) NOT NULL AUTO_INCREMENT,
  `address` varchar(255) DEFAULT NULL,
  `network_id` int(11) DEFAULT NULL,
  `instance_id` int(11) DEFAULT NULL,
  `allocated` tinyint(1) DEFAULT NULL,
  `leased` tinyint(1) DEFAULT NULL,
  `reserved` tinyint(1) DEFAULT NULL,
  PRIMARY KEY (`id`),
  KEY `network_id` (`network_id`),
  KEY `instance_id` (`instance_id`)
) ENGINE=MyISAM  DEFAULT CHARSET=latin1 AUTO_INCREMENT=769 ;

--
-- Dumping data for table `fixed_ips`
--

INSERT INTO `fixed_ips` (`created_at`, `updated_at`, `deleted_at`, `deleted`, `id`, `address`, `network_id`, `instance_id`, `allocated`, `leased`, `reserved`) VALUES
('2011-07-04 12:20:50', NULL, NULL, 0, 1, '10.0.0.0', 1, NULL, 0, 0, 1),
('2011-07-04 12:20:50', NULL, NULL, 0, 2, '10.0.0.1', 1, NULL, 0, 0, 1),
('2011-07-04 12:20:50', NULL, NULL, 0, 3, '10.0.0.2', 1, NULL, 0, 0, 1),
('2011-07-04 12:20:50', '2011-07-05 11:05:56', NULL, 0, 4, '10.0.0.3', 1, 29, 1, 0, 0),
('2011-07-04 12:20:50', '2011-07-05 11:15:32', NULL, 0, 5, '10.0.0.4', 1, NULL, 0, 0, 0),
('2011-07-04 12:20:50', '2011-07-05 11:07:18', NULL, 0, 6, '10.0.0.5', 1, 30, 1, 0, 0),
('2011-07-04 12:20:50', '2011-07-05 11:09:45', NULL, 0, 7, '10.0.0.6', 1, 31, 1, 0, 0),
('2011-07-04 12:20:50', '2011-07-05 09:15:26', NULL, 0, 8, '10.0.0.7', 1, NULL, 0, 0, 0),
('2011-07-04 12:20:50', '2011-07-05 09:15:26', NULL, 0, 9, '10.0.0.8', 1, NULL, 0, 0, 0),
('2011-07-04 12:20:50', NULL, NULL, 0, 10, '10.0.0.9', 1, NULL, 0, 0, 0),
('2011-07-04 12:20:50', NULL, NULL, 0, 11, '10.0.0.10', 1, NULL, 0, 0, 0),
('2011-07-04 12:20:50', NULL, NULL, 0, 12, '10.0.0.11', 1, NULL, 0, 0, 0),
('2011-07-04 12:20:50', NULL, NULL, 0, 13, '10.0.0.12', 1, NULL, 0, 0, 0),
('2011-07-04 12:20:50', NULL, NULL, 0, 14, '10.0.0.13', 1, NULL, 0, 0, 0),
('2011-07-04 12:20:50', NULL, NULL, 0, 15, '10.0.0.14', 1, NULL, 0, 0, 0),
('2011-07-04 12:20:50', NULL, NULL, 0, 16, '10.0.0.15', 1, NULL, 0, 0, 0),
('2011-07-04 12:20:50', NULL, NULL, 0, 17, '10.0.0.16', 1, NULL, 0, 0, 0),
('2011-07-04 12:20:50', NULL, NULL, 0, 18, '10.0.0.17', 1, NULL, 0, 0, 0),
('2011-07-04 12:20:50', NULL, NULL, 0, 19, '10.0.0.18', 1, NULL, 0, 0, 0),
('2011-07-04 12:20:50', NULL, NULL, 0, 20, '10.0.0.19', 1, NULL, 0, 0, 0),
('2011-07-04 12:20:50', NULL, NULL, 0, 21, '10.0.0.20', 1, NULL, 0, 0, 0),
('2011-07-04 12:20:50', NULL, NULL, 0, 22, '10.0.0.21', 1, NULL, 0, 0, 0),
('2011-07-04 12:20:50', NULL, NULL, 0, 23, '10.0.0.22', 1, NULL, 0, 0, 0),
('2011-07-04 12:20:50', NULL, NULL, 0, 24, '10.0.0.23', 1, NULL, 0, 0, 0),
('2011-07-04 12:20:50', NULL, NULL, 0, 25, '10.0.0.24', 1, NULL, 0, 0, 0),
('2011-07-04 12:20:50', NULL, NULL, 0, 26, '10.0.0.25', 1, NULL, 0, 0, 0),
('2011-07-04 12:20:50', NULL, NULL, 0, 27, '10.0.0.26', 1, NULL, 0, 0, 0),
('2011-07-04 12:20:50', NULL, NULL, 0, 28, '10.0.0.27', 1, NULL, 0, 0, 0),
('2011-07-04 12:20:50', NULL, NULL, 0, 29, '10.0.0.28', 1, NULL, 0, 0, 0),
('2011-07-04 12:20:50', NULL, NULL, 0, 30, '10.0.0.29', 1, NULL, 0, 0, 0),
('2011-07-04 12:20:50', NULL, NULL, 0, 31, '10.0.0.30', 1, NULL, 0, 0, 0),
('2011-07-04 12:20:50', NULL, NULL, 0, 32, '10.0.0.31', 1, NULL, 0, 0, 0),
('2011-07-04 12:20:50', NULL, NULL, 0, 33, '10.0.0.32', 1, NULL, 0, 0, 0),
('2011-07-04 12:20:50', NULL, NULL, 0, 34, '10.0.0.33', 1, NULL, 0, 0, 0),
('2011-07-04 12:20:50', NULL, NULL, 0, 35, '10.0.0.34', 1, NULL, 0, 0, 0),
('2011-07-04 12:20:50', NULL, NULL, 0, 36, '10.0.0.35', 1, NULL, 0, 0, 0),
('2011-07-04 12:20:50', NULL, NULL, 0, 37, '10.0.0.36', 1, NULL, 0, 0, 0),
('2011-07-04 12:20:50', NULL, NULL, 0, 38, '10.0.0.37', 1, NULL, 0, 0, 0),
('2011-07-04 12:20:50', NULL, NULL, 0, 39, '10.0.0.38', 1, NULL, 0, 0, 0),
('2011-07-04 12:20:50', NULL, NULL, 0, 40, '10.0.0.39', 1, NULL, 0, 0, 0),
('2011-07-04 12:20:50', NULL, NULL, 0, 41, '10.0.0.40', 1, NULL, 0, 0, 0),
('2011-07-04 12:20:50', NULL, NULL, 0, 42, '10.0.0.41', 1, NULL, 0, 0, 0),
('2011-07-04 12:20:50', NULL, NULL, 0, 43, '10.0.0.42', 1, NULL, 0, 0, 0),
('2011-07-04 12:20:50', NULL, NULL, 0, 44, '10.0.0.43', 1, NULL, 0, 0, 0),
('2011-07-04 12:20:50', NULL, NULL, 0, 45, '10.0.0.44', 1, NULL, 0, 0, 0),
('2011-07-04 12:20:50', NULL, NULL, 0, 46, '10.0.0.45', 1, NULL, 0, 0, 0),
('2011-07-04 12:20:50', NULL, NULL, 0, 47, '10.0.0.46', 1, NULL, 0, 0, 0),
('2011-07-04 12:20:50', NULL, NULL, 0, 48, '10.0.0.47', 1, NULL, 0, 0, 0),
('2011-07-04 12:20:50', NULL, NULL, 0, 49, '10.0.0.48', 1, NULL, 0, 0, 0),
('2011-07-04 12:20:50', NULL, NULL, 0, 50, '10.0.0.49', 1, NULL, 0, 0, 0),
('2011-07-04 12:20:50', NULL, NULL, 0, 51, '10.0.0.50', 1, NULL, 0, 0, 0),
('2011-07-04 12:20:50', NULL, NULL, 0, 52, '10.0.0.51', 1, NULL, 0, 0, 0),
('2011-07-04 12:20:50', NULL, NULL, 0, 53, '10.0.0.52', 1, NULL, 0, 0, 0),
('2011-07-04 12:20:50', NULL, NULL, 0, 54, '10.0.0.53', 1, NULL, 0, 0, 0),
('2011-07-04 12:20:50', NULL, NULL, 0, 55, '10.0.0.54', 1, NULL, 0, 0, 0),
('2011-07-04 12:20:50', NULL, NULL, 0, 56, '10.0.0.55', 1, NULL, 0, 0, 0),
('2011-07-04 12:20:50', NULL, NULL, 0, 57, '10.0.0.56', 1, NULL, 0, 0, 0),
('2011-07-04 12:20:50', NULL, NULL, 0, 58, '10.0.0.57', 1, NULL, 0, 0, 0),
('2011-07-04 12:20:50', NULL, NULL, 0, 59, '10.0.0.58', 1, NULL, 0, 0, 0),
('2011-07-04 12:20:50', NULL, NULL, 0, 60, '10.0.0.59', 1, NULL, 0, 0, 0),
('2011-07-04 12:20:50', NULL, NULL, 0, 61, '10.0.0.60', 1, NULL, 0, 0, 0),
('2011-07-04 12:20:50', NULL, NULL, 0, 62, '10.0.0.61', 1, NULL, 0, 0, 0),
('2011-07-04 12:20:50', NULL, NULL, 0, 63, '10.0.0.62', 1, NULL, 0, 0, 0),
('2011-07-04 12:20:50', NULL, NULL, 0, 64, '10.0.0.63', 1, NULL, 0, 0, 0),
('2011-07-04 12:20:50', NULL, NULL, 0, 65, '10.0.0.64', 1, NULL, 0, 0, 0),
('2011-07-04 12:20:50', NULL, NULL, 0, 66, '10.0.0.65', 1, NULL, 0, 0, 0),
('2011-07-04 12:20:50', NULL, NULL, 0, 67, '10.0.0.66', 1, NULL, 0, 0, 0),
('2011-07-04 12:20:50', NULL, NULL, 0, 68, '10.0.0.67', 1, NULL, 0, 0, 0),
('2011-07-04 12:20:50', NULL, NULL, 0, 69, '10.0.0.68', 1, NULL, 0, 0, 0),
('2011-07-04 12:20:50', NULL, NULL, 0, 70, '10.0.0.69', 1, NULL, 0, 0, 0),
('2011-07-04 12:20:50', NULL, NULL, 0, 71, '10.0.0.70', 1, NULL, 0, 0, 0),
('2011-07-04 12:20:50', NULL, NULL, 0, 72, '10.0.0.71', 1, NULL, 0, 0, 0),
('2011-07-04 12:20:50', NULL, NULL, 0, 73, '10.0.0.72', 1, NULL, 0, 0, 0),
('2011-07-04 12:20:50', NULL, NULL, 0, 74, '10.0.0.73', 1, NULL, 0, 0, 0),
('2011-07-04 12:20:50', NULL, NULL, 0, 75, '10.0.0.74', 1, NULL, 0, 0, 0),
('2011-07-04 12:20:50', NULL, NULL, 0, 76, '10.0.0.75', 1, NULL, 0, 0, 0),
('2011-07-04 12:20:50', NULL, NULL, 0, 77, '10.0.0.76', 1, NULL, 0, 0, 0),
('2011-07-04 12:20:50', NULL, NULL, 0, 78, '10.0.0.77', 1, NULL, 0, 0, 0),
('2011-07-04 12:20:50', NULL, NULL, 0, 79, '10.0.0.78', 1, NULL, 0, 0, 0),
('2011-07-04 12:20:50', NULL, NULL, 0, 80, '10.0.0.79', 1, NULL, 0, 0, 0),
('2011-07-04 12:20:50', NULL, NULL, 0, 81, '10.0.0.80', 1, NULL, 0, 0, 0),
('2011-07-04 12:20:50', NULL, NULL, 0, 82, '10.0.0.81', 1, NULL, 0, 0, 0),
('2011-07-04 12:20:50', NULL, NULL, 0, 83, '10.0.0.82', 1, NULL, 0, 0, 0),
('2011-07-04 12:20:50', NULL, NULL, 0, 84, '10.0.0.83', 1, NULL, 0, 0, 0),
('2011-07-04 12:20:50', NULL, NULL, 0, 85, '10.0.0.84', 1, NULL, 0, 0, 0),
('2011-07-04 12:20:50', NULL, NULL, 0, 86, '10.0.0.85', 1, NULL, 0, 0, 0),
('2011-07-04 12:20:50', NULL, NULL, 0, 87, '10.0.0.86', 1, NULL, 0, 0, 0),
('2011-07-04 12:20:50', NULL, NULL, 0, 88, '10.0.0.87', 1, NULL, 0, 0, 0),
('2011-07-04 12:20:50', NULL, NULL, 0, 89, '10.0.0.88', 1, NULL, 0, 0, 0),
('2011-07-04 12:20:50', NULL, NULL, 0, 90, '10.0.0.89', 1, NULL, 0, 0, 0),
('2011-07-04 12:20:50', NULL, NULL, 0, 91, '10.0.0.90', 1, NULL, 0, 0, 0),
('2011-07-04 12:20:50', NULL, NULL, 0, 92, '10.0.0.91', 1, NULL, 0, 0, 0),
('2011-07-04 12:20:50', NULL, NULL, 0, 93, '10.0.0.92', 1, NULL, 0, 0, 0),
('2011-07-04 12:20:50', NULL, NULL, 0, 94, '10.0.0.93', 1, NULL, 0, 0, 0),
('2011-07-04 12:20:50', NULL, NULL, 0, 95, '10.0.0.94', 1, NULL, 0, 0, 0),
('2011-07-04 12:20:50', NULL, NULL, 0, 96, '10.0.0.95', 1, NULL, 0, 0, 0),
('2011-07-04 12:20:50', NULL, NULL, 0, 97, '10.0.0.96', 1, NULL, 0, 0, 0),
('2011-07-04 12:20:50', NULL, NULL, 0, 98, '10.0.0.97', 1, NULL, 0, 0, 0),
('2011-07-04 12:20:50', NULL, NULL, 0, 99, '10.0.0.98', 1, NULL, 0, 0, 0),
('2011-07-04 12:20:50', NULL, NULL, 0, 100, '10.0.0.99', 1, NULL, 0, 0, 0),
('2011-07-04 12:20:50', NULL, NULL, 0, 101, '10.0.0.100', 1, NULL, 0, 0, 0),
('2011-07-04 12:20:50', NULL, NULL, 0, 102, '10.0.0.101', 1, NULL, 0, 0, 0),
('2011-07-04 12:20:50', NULL, NULL, 0, 103, '10.0.0.102', 1, NULL, 0, 0, 0),
('2011-07-04 12:20:50', NULL, NULL, 0, 104, '10.0.0.103', 1, NULL, 0, 0, 0),
('2011-07-04 12:20:50', NULL, NULL, 0, 105, '10.0.0.104', 1, NULL, 0, 0, 0),
('2011-07-04 12:20:50', NULL, NULL, 0, 106, '10.0.0.105', 1, NULL, 0, 0, 0),
('2011-07-04 12:20:50', NULL, NULL, 0, 107, '10.0.0.106', 1, NULL, 0, 0, 0),
('2011-07-04 12:20:50', NULL, NULL, 0, 108, '10.0.0.107', 1, NULL, 0, 0, 0),
('2011-07-04 12:20:50', NULL, NULL, 0, 109, '10.0.0.108', 1, NULL, 0, 0, 0),
('2011-07-04 12:20:50', NULL, NULL, 0, 110, '10.0.0.109', 1, NULL, 0, 0, 0),
('2011-07-04 12:20:50', NULL, NULL, 0, 111, '10.0.0.110', 1, NULL, 0, 0, 0),
('2011-07-04 12:20:50', NULL, NULL, 0, 112, '10.0.0.111', 1, NULL, 0, 0, 0),
('2011-07-04 12:20:50', NULL, NULL, 0, 113, '10.0.0.112', 1, NULL, 0, 0, 0),
('2011-07-04 12:20:50', NULL, NULL, 0, 114, '10.0.0.113', 1, NULL, 0, 0, 0),
('2011-07-04 12:20:50', NULL, NULL, 0, 115, '10.0.0.114', 1, NULL, 0, 0, 0),
('2011-07-04 12:20:50', NULL, NULL, 0, 116, '10.0.0.115', 1, NULL, 0, 0, 0),
('2011-07-04 12:20:50', NULL, NULL, 0, 117, '10.0.0.116', 1, NULL, 0, 0, 0),
('2011-07-04 12:20:50', NULL, NULL, 0, 118, '10.0.0.117', 1, NULL, 0, 0, 0),
('2011-07-04 12:20:50', NULL, NULL, 0, 119, '10.0.0.118', 1, NULL, 0, 0, 0),
('2011-07-04 12:20:50', NULL, NULL, 0, 120, '10.0.0.119', 1, NULL, 0, 0, 0),
('2011-07-04 12:20:50', NULL, NULL, 0, 121, '10.0.0.120', 1, NULL, 0, 0, 0),
('2011-07-04 12:20:50', NULL, NULL, 0, 122, '10.0.0.121', 1, NULL, 0, 0, 0),
('2011-07-04 12:20:50', NULL, NULL, 0, 123, '10.0.0.122', 1, NULL, 0, 0, 0),
('2011-07-04 12:20:50', NULL, NULL, 0, 124, '10.0.0.123', 1, NULL, 0, 0, 0),
('2011-07-04 12:20:50', NULL, NULL, 0, 125, '10.0.0.124', 1, NULL, 0, 0, 0),
('2011-07-04 12:20:50', NULL, NULL, 0, 126, '10.0.0.125', 1, NULL, 0, 0, 0),
('2011-07-04 12:20:50', NULL, NULL, 0, 127, '10.0.0.126', 1, NULL, 0, 0, 0),
('2011-07-04 12:20:50', NULL, NULL, 0, 128, '10.0.0.127', 1, NULL, 0, 0, 0),
('2011-07-04 12:20:50', NULL, NULL, 0, 129, '10.0.0.128', 1, NULL, 0, 0, 0),
('2011-07-04 12:20:50', NULL, NULL, 0, 130, '10.0.0.129', 1, NULL, 0, 0, 0),
('2011-07-04 12:20:50', NULL, NULL, 0, 131, '10.0.0.130', 1, NULL, 0, 0, 0),
('2011-07-04 12:20:50', NULL, NULL, 0, 132, '10.0.0.131', 1, NULL, 0, 0, 0),
('2011-07-04 12:20:50', NULL, NULL, 0, 133, '10.0.0.132', 1, NULL, 0, 0, 0),
('2011-07-04 12:20:50', NULL, NULL, 0, 134, '10.0.0.133', 1, NULL, 0, 0, 0),
('2011-07-04 12:20:50', NULL, NULL, 0, 135, '10.0.0.134', 1, NULL, 0, 0, 0),
('2011-07-04 12:20:50', NULL, NULL, 0, 136, '10.0.0.135', 1, NULL, 0, 0, 0),
('2011-07-04 12:20:50', NULL, NULL, 0, 137, '10.0.0.136', 1, NULL, 0, 0, 0),
('2011-07-04 12:20:50', NULL, NULL, 0, 138, '10.0.0.137', 1, NULL, 0, 0, 0),
('2011-07-04 12:20:50', NULL, NULL, 0, 139, '10.0.0.138', 1, NULL, 0, 0, 0),
('2011-07-04 12:20:50', NULL, NULL, 0, 140, '10.0.0.139', 1, NULL, 0, 0, 0),
('2011-07-04 12:20:50', NULL, NULL, 0, 141, '10.0.0.140', 1, NULL, 0, 0, 0),
('2011-07-04 12:20:50', NULL, NULL, 0, 142, '10.0.0.141', 1, NULL, 0, 0, 0),
('2011-07-04 12:20:50', NULL, NULL, 0, 143, '10.0.0.142', 1, NULL, 0, 0, 0),
('2011-07-04 12:20:50', NULL, NULL, 0, 144, '10.0.0.143', 1, NULL, 0, 0, 0),
('2011-07-04 12:20:50', NULL, NULL, 0, 145, '10.0.0.144', 1, NULL, 0, 0, 0),
('2011-07-04 12:20:50', NULL, NULL, 0, 146, '10.0.0.145', 1, NULL, 0, 0, 0),
('2011-07-04 12:20:50', NULL, NULL, 0, 147, '10.0.0.146', 1, NULL, 0, 0, 0),
('2011-07-04 12:20:50', NULL, NULL, 0, 148, '10.0.0.147', 1, NULL, 0, 0, 0),
('2011-07-04 12:20:50', NULL, NULL, 0, 149, '10.0.0.148', 1, NULL, 0, 0, 0),
('2011-07-04 12:20:50', NULL, NULL, 0, 150, '10.0.0.149', 1, NULL, 0, 0, 0),
('2011-07-04 12:20:50', NULL, NULL, 0, 151, '10.0.0.150', 1, NULL, 0, 0, 0),
('2011-07-04 12:20:50', NULL, NULL, 0, 152, '10.0.0.151', 1, NULL, 0, 0, 0),
('2011-07-04 12:20:50', NULL, NULL, 0, 153, '10.0.0.152', 1, NULL, 0, 0, 0),
('2011-07-04 12:20:50', NULL, NULL, 0, 154, '10.0.0.153', 1, NULL, 0, 0, 0),
('2011-07-04 12:20:50', NULL, NULL, 0, 155, '10.0.0.154', 1, NULL, 0, 0, 0),
('2011-07-04 12:20:50', NULL, NULL, 0, 156, '10.0.0.155', 1, NULL, 0, 0, 0),
('2011-07-04 12:20:50', NULL, NULL, 0, 157, '10.0.0.156', 1, NULL, 0, 0, 0),
('2011-07-04 12:20:50', NULL, NULL, 0, 158, '10.0.0.157', 1, NULL, 0, 0, 0),
('2011-07-04 12:20:50', NULL, NULL, 0, 159, '10.0.0.158', 1, NULL, 0, 0, 0),
('2011-07-04 12:20:50', NULL, NULL, 0, 160, '10.0.0.159', 1, NULL, 0, 0, 0),
('2011-07-04 12:20:50', NULL, NULL, 0, 161, '10.0.0.160', 1, NULL, 0, 0, 0),
('2011-07-04 12:20:50', NULL, NULL, 0, 162, '10.0.0.161', 1, NULL, 0, 0, 0),
('2011-07-04 12:20:50', NULL, NULL, 0, 163, '10.0.0.162', 1, NULL, 0, 0, 0),
('2011-07-04 12:20:50', NULL, NULL, 0, 164, '10.0.0.163', 1, NULL, 0, 0, 0),
('2011-07-04 12:20:50', NULL, NULL, 0, 165, '10.0.0.164', 1, NULL, 0, 0, 0),
('2011-07-04 12:20:50', NULL, NULL, 0, 166, '10.0.0.165', 1, NULL, 0, 0, 0),
('2011-07-04 12:20:50', NULL, NULL, 0, 167, '10.0.0.166', 1, NULL, 0, 0, 0),
('2011-07-04 12:20:50', NULL, NULL, 0, 168, '10.0.0.167', 1, NULL, 0, 0, 0),
('2011-07-04 12:20:50', NULL, NULL, 0, 169, '10.0.0.168', 1, NULL, 0, 0, 0),
('2011-07-04 12:20:50', NULL, NULL, 0, 170, '10.0.0.169', 1, NULL, 0, 0, 0),
('2011-07-04 12:20:50', NULL, NULL, 0, 171, '10.0.0.170', 1, NULL, 0, 0, 0),
('2011-07-04 12:20:50', NULL, NULL, 0, 172, '10.0.0.171', 1, NULL, 0, 0, 0),
('2011-07-04 12:20:50', NULL, NULL, 0, 173, '10.0.0.172', 1, NULL, 0, 0, 0),
('2011-07-04 12:20:50', NULL, NULL, 0, 174, '10.0.0.173', 1, NULL, 0, 0, 0),
('2011-07-04 12:20:50', NULL, NULL, 0, 175, '10.0.0.174', 1, NULL, 0, 0, 0),
('2011-07-04 12:20:50', NULL, NULL, 0, 176, '10.0.0.175', 1, NULL, 0, 0, 0),
('2011-07-04 12:20:50', NULL, NULL, 0, 177, '10.0.0.176', 1, NULL, 0, 0, 0),
('2011-07-04 12:20:50', NULL, NULL, 0, 178, '10.0.0.177', 1, NULL, 0, 0, 0),
('2011-07-04 12:20:50', NULL, NULL, 0, 179, '10.0.0.178', 1, NULL, 0, 0, 0),
('2011-07-04 12:20:50', NULL, NULL, 0, 180, '10.0.0.179', 1, NULL, 0, 0, 0),
('2011-07-04 12:20:50', NULL, NULL, 0, 181, '10.0.0.180', 1, NULL, 0, 0, 0),
('2011-07-04 12:20:50', NULL, NULL, 0, 182, '10.0.0.181', 1, NULL, 0, 0, 0),
('2011-07-04 12:20:50', NULL, NULL, 0, 183, '10.0.0.182', 1, NULL, 0, 0, 0),
('2011-07-04 12:20:50', NULL, NULL, 0, 184, '10.0.0.183', 1, NULL, 0, 0, 0),
('2011-07-04 12:20:50', NULL, NULL, 0, 185, '10.0.0.184', 1, NULL, 0, 0, 0),
('2011-07-04 12:20:50', NULL, NULL, 0, 186, '10.0.0.185', 1, NULL, 0, 0, 0),
('2011-07-04 12:20:50', NULL, NULL, 0, 187, '10.0.0.186', 1, NULL, 0, 0, 0),
('2011-07-04 12:20:50', NULL, NULL, 0, 188, '10.0.0.187', 1, NULL, 0, 0, 0),
('2011-07-04 12:20:50', NULL, NULL, 0, 189, '10.0.0.188', 1, NULL, 0, 0, 0),
('2011-07-04 12:20:50', NULL, NULL, 0, 190, '10.0.0.189', 1, NULL, 0, 0, 0),
('2011-07-04 12:20:50', NULL, NULL, 0, 191, '10.0.0.190', 1, NULL, 0, 0, 0),
('2011-07-04 12:20:50', NULL, NULL, 0, 192, '10.0.0.191', 1, NULL, 0, 0, 0),
('2011-07-04 12:20:50', NULL, NULL, 0, 193, '10.0.0.192', 1, NULL, 0, 0, 0),
('2011-07-04 12:20:50', NULL, NULL, 0, 194, '10.0.0.193', 1, NULL, 0, 0, 0),
('2011-07-04 12:20:50', NULL, NULL, 0, 195, '10.0.0.194', 1, NULL, 0, 0, 0),
('2011-07-04 12:20:50', NULL, NULL, 0, 196, '10.0.0.195', 1, NULL, 0, 0, 0),
('2011-07-04 12:20:50', NULL, NULL, 0, 197, '10.0.0.196', 1, NULL, 0, 0, 0),
('2011-07-04 12:20:50', NULL, NULL, 0, 198, '10.0.0.197', 1, NULL, 0, 0, 0),
('2011-07-04 12:20:50', NULL, NULL, 0, 199, '10.0.0.198', 1, NULL, 0, 0, 0),
('2011-07-04 12:20:50', NULL, NULL, 0, 200, '10.0.0.199', 1, NULL, 0, 0, 0),
('2011-07-04 12:20:50', NULL, NULL, 0, 201, '10.0.0.200', 1, NULL, 0, 0, 0),
('2011-07-04 12:20:50', NULL, NULL, 0, 202, '10.0.0.201', 1, NULL, 0, 0, 0),
('2011-07-04 12:20:50', NULL, NULL, 0, 203, '10.0.0.202', 1, NULL, 0, 0, 0),
('2011-07-04 12:20:50', NULL, NULL, 0, 204, '10.0.0.203', 1, NULL, 0, 0, 0),
('2011-07-04 12:20:50', NULL, NULL, 0, 205, '10.0.0.204', 1, NULL, 0, 0, 0),
('2011-07-04 12:20:50', NULL, NULL, 0, 206, '10.0.0.205', 1, NULL, 0, 0, 0),
('2011-07-04 12:20:50', NULL, NULL, 0, 207, '10.0.0.206', 1, NULL, 0, 0, 0),
('2011-07-04 12:20:50', NULL, NULL, 0, 208, '10.0.0.207', 1, NULL, 0, 0, 0),
('2011-07-04 12:20:50', NULL, NULL, 0, 209, '10.0.0.208', 1, NULL, 0, 0, 0),
('2011-07-04 12:20:50', NULL, NULL, 0, 210, '10.0.0.209', 1, NULL, 0, 0, 0),
('2011-07-04 12:20:50', NULL, NULL, 0, 211, '10.0.0.210', 1, NULL, 0, 0, 0),
('2011-07-04 12:20:50', NULL, NULL, 0, 212, '10.0.0.211', 1, NULL, 0, 0, 0),
('2011-07-04 12:20:50', NULL, NULL, 0, 213, '10.0.0.212', 1, NULL, 0, 0, 0),
('2011-07-04 12:20:50', NULL, NULL, 0, 214, '10.0.0.213', 1, NULL, 0, 0, 0),
('2011-07-04 12:20:50', NULL, NULL, 0, 215, '10.0.0.214', 1, NULL, 0, 0, 0),
('2011-07-04 12:20:50', NULL, NULL, 0, 216, '10.0.0.215', 1, NULL, 0, 0, 0),
('2011-07-04 12:20:50', NULL, NULL, 0, 217, '10.0.0.216', 1, NULL, 0, 0, 0),
('2011-07-04 12:20:50', NULL, NULL, 0, 218, '10.0.0.217', 1, NULL, 0, 0, 0),
('2011-07-04 12:20:50', NULL, NULL, 0, 219, '10.0.0.218', 1, NULL, 0, 0, 0),
('2011-07-04 12:20:50', NULL, NULL, 0, 220, '10.0.0.219', 1, NULL, 0, 0, 0),
('2011-07-04 12:20:50', NULL, NULL, 0, 221, '10.0.0.220', 1, NULL, 0, 0, 0),
('2011-07-04 12:20:50', NULL, NULL, 0, 222, '10.0.0.221', 1, NULL, 0, 0, 0),
('2011-07-04 12:20:50', NULL, NULL, 0, 223, '10.0.0.222', 1, NULL, 0, 0, 0),
('2011-07-04 12:20:50', NULL, NULL, 0, 224, '10.0.0.223', 1, NULL, 0, 0, 0),
('2011-07-04 12:20:50', NULL, NULL, 0, 225, '10.0.0.224', 1, NULL, 0, 0, 0),
('2011-07-04 12:20:50', NULL, NULL, 0, 226, '10.0.0.225', 1, NULL, 0, 0, 0),
('2011-07-04 12:20:50', NULL, NULL, 0, 227, '10.0.0.226', 1, NULL, 0, 0, 0),
('2011-07-04 12:20:50', NULL, NULL, 0, 228, '10.0.0.227', 1, NULL, 0, 0, 0),
('2011-07-04 12:20:50', NULL, NULL, 0, 229, '10.0.0.228', 1, NULL, 0, 0, 0),
('2011-07-04 12:20:50', NULL, NULL, 0, 230, '10.0.0.229', 1, NULL, 0, 0, 0),
('2011-07-04 12:20:50', NULL, NULL, 0, 231, '10.0.0.230', 1, NULL, 0, 0, 0),
('2011-07-04 12:20:50', NULL, NULL, 0, 232, '10.0.0.231', 1, NULL, 0, 0, 0),
('2011-07-04 12:20:50', NULL, NULL, 0, 233, '10.0.0.232', 1, NULL, 0, 0, 0),
('2011-07-04 12:20:50', NULL, NULL, 0, 234, '10.0.0.233', 1, NULL, 0, 0, 0),
('2011-07-04 12:20:50', NULL, NULL, 0, 235, '10.0.0.234', 1, NULL, 0, 0, 0),
('2011-07-04 12:20:50', NULL, NULL, 0, 236, '10.0.0.235', 1, NULL, 0, 0, 0),
('2011-07-04 12:20:50', NULL, NULL, 0, 237, '10.0.0.236', 1, NULL, 0, 0, 0),
('2011-07-04 12:20:50', NULL, NULL, 0, 238, '10.0.0.237', 1, NULL, 0, 0, 0),
('2011-07-04 12:20:50', NULL, NULL, 0, 239, '10.0.0.238', 1, NULL, 0, 0, 0),
('2011-07-04 12:20:50', NULL, NULL, 0, 240, '10.0.0.239', 1, NULL, 0, 0, 0),
('2011-07-04 12:20:50', NULL, NULL, 0, 241, '10.0.0.240', 1, NULL, 0, 0, 0),
('2011-07-04 12:20:50', NULL, NULL, 0, 242, '10.0.0.241', 1, NULL, 0, 0, 0),
('2011-07-04 12:20:50', NULL, NULL, 0, 243, '10.0.0.242', 1, NULL, 0, 0, 0),
('2011-07-04 12:20:50', NULL, NULL, 0, 244, '10.0.0.243', 1, NULL, 0, 0, 0),
('2011-07-04 12:20:50', NULL, NULL, 0, 245, '10.0.0.244', 1, NULL, 0, 0, 0),
('2011-07-04 12:20:50', NULL, NULL, 0, 246, '10.0.0.245', 1, NULL, 0, 0, 0),
('2011-07-04 12:20:50', NULL, NULL, 0, 247, '10.0.0.246', 1, NULL, 0, 0, 0),
('2011-07-04 12:20:50', NULL, NULL, 0, 248, '10.0.0.247', 1, NULL, 0, 0, 0),
('2011-07-04 12:20:50', NULL, NULL, 0, 249, '10.0.0.248', 1, NULL, 0, 0, 0),
('2011-07-04 12:20:50', NULL, NULL, 0, 250, '10.0.0.249', 1, NULL, 0, 0, 0),
('2011-07-04 12:20:50', NULL, NULL, 0, 251, '10.0.0.250', 1, NULL, 0, 0, 0),
('2011-07-04 12:20:50', NULL, NULL, 0, 252, '10.0.0.251', 1, NULL, 0, 0, 0),
('2011-07-04 12:20:50', NULL, NULL, 0, 253, '10.0.0.252', 1, NULL, 0, 0, 0),
('2011-07-04 12:20:50', NULL, NULL, 0, 254, '10.0.0.253', 1, NULL, 0, 0, 0),
('2011-07-04 12:20:50', NULL, NULL, 0, 255, '10.0.0.254', 1, NULL, 0, 0, 0),
('2011-07-04 12:20:50', NULL, NULL, 0, 256, '10.0.0.255', 1, NULL, 0, 0, 0),
('2011-07-05 06:45:08', NULL, NULL, 0, 257, '10.0.1.0', 2, NULL, 0, 0, 1),
('2011-07-05 06:45:08', NULL, NULL, 0, 258, '10.0.1.1', 2, NULL, 0, 0, 1),
('2011-07-05 06:45:08', NULL, NULL, 0, 259, '10.0.1.2', 2, NULL, 0, 0, 1),
('2011-07-05 06:45:08', '2011-07-05 07:02:21', NULL, 0, 260, '10.0.1.3', 2, NULL, 0, 0, 0),
('2011-07-05 06:45:08', '2011-07-05 08:48:25', NULL, 0, 261, '10.0.1.4', 2, NULL, 0, 0, 0),
('2011-07-05 06:45:08', NULL, NULL, 0, 262, '10.0.1.5', 2, NULL, 0, 0, 0),
('2011-07-05 06:45:08', NULL, NULL, 0, 263, '10.0.1.6', 2, NULL, 0, 0, 0),
('2011-07-05 06:45:08', NULL, NULL, 0, 264, '10.0.1.7', 2, NULL, 0, 0, 0),
('2011-07-05 06:45:08', NULL, NULL, 0, 265, '10.0.1.8', 2, NULL, 0, 0, 0),
('2011-07-05 06:45:08', NULL, NULL, 0, 266, '10.0.1.9', 2, NULL, 0, 0, 0),
('2011-07-05 06:45:08', NULL, NULL, 0, 267, '10.0.1.10', 2, NULL, 0, 0, 0),
('2011-07-05 06:45:08', NULL, NULL, 0, 268, '10.0.1.11', 2, NULL, 0, 0, 0),
('2011-07-05 06:45:08', NULL, NULL, 0, 269, '10.0.1.12', 2, NULL, 0, 0, 0),
('2011-07-05 06:45:08', NULL, NULL, 0, 270, '10.0.1.13', 2, NULL, 0, 0, 0),
('2011-07-05 06:45:08', NULL, NULL, 0, 271, '10.0.1.14', 2, NULL, 0, 0, 0),
('2011-07-05 06:45:08', NULL, NULL, 0, 272, '10.0.1.15', 2, NULL, 0, 0, 0),
('2011-07-05 06:45:08', NULL, NULL, 0, 273, '10.0.1.16', 2, NULL, 0, 0, 0),
('2011-07-05 06:45:08', NULL, NULL, 0, 274, '10.0.1.17', 2, NULL, 0, 0, 0),
('2011-07-05 06:45:08', NULL, NULL, 0, 275, '10.0.1.18', 2, NULL, 0, 0, 0),
('2011-07-05 06:45:08', NULL, NULL, 0, 276, '10.0.1.19', 2, NULL, 0, 0, 0),
('2011-07-05 06:45:08', NULL, NULL, 0, 277, '10.0.1.20', 2, NULL, 0, 0, 0),
('2011-07-05 06:45:08', NULL, NULL, 0, 278, '10.0.1.21', 2, NULL, 0, 0, 0),
('2011-07-05 06:45:08', NULL, NULL, 0, 279, '10.0.1.22', 2, NULL, 0, 0, 0),
('2011-07-05 06:45:08', NULL, NULL, 0, 280, '10.0.1.23', 2, NULL, 0, 0, 0),
('2011-07-05 06:45:08', NULL, NULL, 0, 281, '10.0.1.24', 2, NULL, 0, 0, 0),
('2011-07-05 06:45:08', NULL, NULL, 0, 282, '10.0.1.25', 2, NULL, 0, 0, 0),
('2011-07-05 06:45:08', NULL, NULL, 0, 283, '10.0.1.26', 2, NULL, 0, 0, 0),
('2011-07-05 06:45:08', NULL, NULL, 0, 284, '10.0.1.27', 2, NULL, 0, 0, 0),
('2011-07-05 06:45:08', NULL, NULL, 0, 285, '10.0.1.28', 2, NULL, 0, 0, 0),
('2011-07-05 06:45:08', NULL, NULL, 0, 286, '10.0.1.29', 2, NULL, 0, 0, 0),
('2011-07-05 06:45:08', NULL, NULL, 0, 287, '10.0.1.30', 2, NULL, 0, 0, 0),
('2011-07-05 06:45:08', NULL, NULL, 0, 288, '10.0.1.31', 2, NULL, 0, 0, 0),
('2011-07-05 06:45:08', NULL, NULL, 0, 289, '10.0.1.32', 2, NULL, 0, 0, 0),
('2011-07-05 06:45:08', NULL, NULL, 0, 290, '10.0.1.33', 2, NULL, 0, 0, 0),
('2011-07-05 06:45:08', NULL, NULL, 0, 291, '10.0.1.34', 2, NULL, 0, 0, 0),
('2011-07-05 06:45:08', NULL, NULL, 0, 292, '10.0.1.35', 2, NULL, 0, 0, 0),
('2011-07-05 06:45:08', NULL, NULL, 0, 293, '10.0.1.36', 2, NULL, 0, 0, 0),
('2011-07-05 06:45:08', NULL, NULL, 0, 294, '10.0.1.37', 2, NULL, 0, 0, 0),
('2011-07-05 06:45:08', NULL, NULL, 0, 295, '10.0.1.38', 2, NULL, 0, 0, 0),
('2011-07-05 06:45:08', NULL, NULL, 0, 296, '10.0.1.39', 2, NULL, 0, 0, 0),
('2011-07-05 06:45:08', NULL, NULL, 0, 297, '10.0.1.40', 2, NULL, 0, 0, 0),
('2011-07-05 06:45:08', NULL, NULL, 0, 298, '10.0.1.41', 2, NULL, 0, 0, 0),
('2011-07-05 06:45:08', NULL, NULL, 0, 299, '10.0.1.42', 2, NULL, 0, 0, 0),
('2011-07-05 06:45:08', NULL, NULL, 0, 300, '10.0.1.43', 2, NULL, 0, 0, 0),
('2011-07-05 06:45:08', NULL, NULL, 0, 301, '10.0.1.44', 2, NULL, 0, 0, 0),
('2011-07-05 06:45:08', NULL, NULL, 0, 302, '10.0.1.45', 2, NULL, 0, 0, 0),
('2011-07-05 06:45:08', NULL, NULL, 0, 303, '10.0.1.46', 2, NULL, 0, 0, 0),
('2011-07-05 06:45:08', NULL, NULL, 0, 304, '10.0.1.47', 2, NULL, 0, 0, 0),
('2011-07-05 06:45:08', NULL, NULL, 0, 305, '10.0.1.48', 2, NULL, 0, 0, 0),
('2011-07-05 06:45:08', NULL, NULL, 0, 306, '10.0.1.49', 2, NULL, 0, 0, 0),
('2011-07-05 06:45:08', NULL, NULL, 0, 307, '10.0.1.50', 2, NULL, 0, 0, 0),
('2011-07-05 06:45:08', NULL, NULL, 0, 308, '10.0.1.51', 2, NULL, 0, 0, 0),
('2011-07-05 06:45:08', NULL, NULL, 0, 309, '10.0.1.52', 2, NULL, 0, 0, 0),
('2011-07-05 06:45:08', NULL, NULL, 0, 310, '10.0.1.53', 2, NULL, 0, 0, 0),
('2011-07-05 06:45:08', NULL, NULL, 0, 311, '10.0.1.54', 2, NULL, 0, 0, 0),
('2011-07-05 06:45:08', NULL, NULL, 0, 312, '10.0.1.55', 2, NULL, 0, 0, 0),
('2011-07-05 06:45:08', NULL, NULL, 0, 313, '10.0.1.56', 2, NULL, 0, 0, 0),
('2011-07-05 06:45:08', NULL, NULL, 0, 314, '10.0.1.57', 2, NULL, 0, 0, 0),
('2011-07-05 06:45:08', NULL, NULL, 0, 315, '10.0.1.58', 2, NULL, 0, 0, 0),
('2011-07-05 06:45:08', NULL, NULL, 0, 316, '10.0.1.59', 2, NULL, 0, 0, 0),
('2011-07-05 06:45:08', NULL, NULL, 0, 317, '10.0.1.60', 2, NULL, 0, 0, 0),
('2011-07-05 06:45:08', NULL, NULL, 0, 318, '10.0.1.61', 2, NULL, 0, 0, 0),
('2011-07-05 06:45:08', NULL, NULL, 0, 319, '10.0.1.62', 2, NULL, 0, 0, 0),
('2011-07-05 06:45:08', NULL, NULL, 0, 320, '10.0.1.63', 2, NULL, 0, 0, 0),
('2011-07-05 06:45:08', NULL, NULL, 0, 321, '10.0.1.64', 2, NULL, 0, 0, 0),
('2011-07-05 06:45:08', NULL, NULL, 0, 322, '10.0.1.65', 2, NULL, 0, 0, 0),
('2011-07-05 06:45:08', NULL, NULL, 0, 323, '10.0.1.66', 2, NULL, 0, 0, 0),
('2011-07-05 06:45:08', NULL, NULL, 0, 324, '10.0.1.67', 2, NULL, 0, 0, 0),
('2011-07-05 06:45:08', NULL, NULL, 0, 325, '10.0.1.68', 2, NULL, 0, 0, 0),
('2011-07-05 06:45:08', NULL, NULL, 0, 326, '10.0.1.69', 2, NULL, 0, 0, 0),
('2011-07-05 06:45:08', NULL, NULL, 0, 327, '10.0.1.70', 2, NULL, 0, 0, 0),
('2011-07-05 06:45:08', NULL, NULL, 0, 328, '10.0.1.71', 2, NULL, 0, 0, 0),
('2011-07-05 06:45:08', NULL, NULL, 0, 329, '10.0.1.72', 2, NULL, 0, 0, 0),
('2011-07-05 06:45:08', NULL, NULL, 0, 330, '10.0.1.73', 2, NULL, 0, 0, 0),
('2011-07-05 06:45:08', NULL, NULL, 0, 331, '10.0.1.74', 2, NULL, 0, 0, 0),
('2011-07-05 06:45:08', NULL, NULL, 0, 332, '10.0.1.75', 2, NULL, 0, 0, 0),
('2011-07-05 06:45:08', NULL, NULL, 0, 333, '10.0.1.76', 2, NULL, 0, 0, 0),
('2011-07-05 06:45:08', NULL, NULL, 0, 334, '10.0.1.77', 2, NULL, 0, 0, 0),
('2011-07-05 06:45:08', NULL, NULL, 0, 335, '10.0.1.78', 2, NULL, 0, 0, 0),
('2011-07-05 06:45:08', NULL, NULL, 0, 336, '10.0.1.79', 2, NULL, 0, 0, 0),
('2011-07-05 06:45:08', NULL, NULL, 0, 337, '10.0.1.80', 2, NULL, 0, 0, 0),
('2011-07-05 06:45:08', NULL, NULL, 0, 338, '10.0.1.81', 2, NULL, 0, 0, 0),
('2011-07-05 06:45:08', NULL, NULL, 0, 339, '10.0.1.82', 2, NULL, 0, 0, 0),
('2011-07-05 06:45:08', NULL, NULL, 0, 340, '10.0.1.83', 2, NULL, 0, 0, 0),
('2011-07-05 06:45:08', NULL, NULL, 0, 341, '10.0.1.84', 2, NULL, 0, 0, 0),
('2011-07-05 06:45:08', NULL, NULL, 0, 342, '10.0.1.85', 2, NULL, 0, 0, 0),
('2011-07-05 06:45:08', NULL, NULL, 0, 343, '10.0.1.86', 2, NULL, 0, 0, 0),
('2011-07-05 06:45:08', NULL, NULL, 0, 344, '10.0.1.87', 2, NULL, 0, 0, 0),
('2011-07-05 06:45:08', NULL, NULL, 0, 345, '10.0.1.88', 2, NULL, 0, 0, 0),
('2011-07-05 06:45:08', NULL, NULL, 0, 346, '10.0.1.89', 2, NULL, 0, 0, 0),
('2011-07-05 06:45:08', NULL, NULL, 0, 347, '10.0.1.90', 2, NULL, 0, 0, 0),
('2011-07-05 06:45:08', NULL, NULL, 0, 348, '10.0.1.91', 2, NULL, 0, 0, 0),
('2011-07-05 06:45:08', NULL, NULL, 0, 349, '10.0.1.92', 2, NULL, 0, 0, 0),
('2011-07-05 06:45:08', NULL, NULL, 0, 350, '10.0.1.93', 2, NULL, 0, 0, 0),
('2011-07-05 06:45:08', NULL, NULL, 0, 351, '10.0.1.94', 2, NULL, 0, 0, 0),
('2011-07-05 06:45:08', NULL, NULL, 0, 352, '10.0.1.95', 2, NULL, 0, 0, 0),
('2011-07-05 06:45:08', NULL, NULL, 0, 353, '10.0.1.96', 2, NULL, 0, 0, 0),
('2011-07-05 06:45:08', NULL, NULL, 0, 354, '10.0.1.97', 2, NULL, 0, 0, 0),
('2011-07-05 06:45:08', NULL, NULL, 0, 355, '10.0.1.98', 2, NULL, 0, 0, 0),
('2011-07-05 06:45:08', NULL, NULL, 0, 356, '10.0.1.99', 2, NULL, 0, 0, 0),
('2011-07-05 06:45:08', NULL, NULL, 0, 357, '10.0.1.100', 2, NULL, 0, 0, 0),
('2011-07-05 06:45:08', NULL, NULL, 0, 358, '10.0.1.101', 2, NULL, 0, 0, 0),
('2011-07-05 06:45:08', NULL, NULL, 0, 359, '10.0.1.102', 2, NULL, 0, 0, 0),
('2011-07-05 06:45:08', NULL, NULL, 0, 360, '10.0.1.103', 2, NULL, 0, 0, 0),
('2011-07-05 06:45:08', NULL, NULL, 0, 361, '10.0.1.104', 2, NULL, 0, 0, 0),
('2011-07-05 06:45:08', NULL, NULL, 0, 362, '10.0.1.105', 2, NULL, 0, 0, 0),
('2011-07-05 06:45:08', NULL, NULL, 0, 363, '10.0.1.106', 2, NULL, 0, 0, 0),
('2011-07-05 06:45:08', NULL, NULL, 0, 364, '10.0.1.107', 2, NULL, 0, 0, 0),
('2011-07-05 06:45:08', NULL, NULL, 0, 365, '10.0.1.108', 2, NULL, 0, 0, 0),
('2011-07-05 06:45:08', NULL, NULL, 0, 366, '10.0.1.109', 2, NULL, 0, 0, 0),
('2011-07-05 06:45:08', NULL, NULL, 0, 367, '10.0.1.110', 2, NULL, 0, 0, 0),
('2011-07-05 06:45:08', NULL, NULL, 0, 368, '10.0.1.111', 2, NULL, 0, 0, 0),
('2011-07-05 06:45:08', NULL, NULL, 0, 369, '10.0.1.112', 2, NULL, 0, 0, 0),
('2011-07-05 06:45:08', NULL, NULL, 0, 370, '10.0.1.113', 2, NULL, 0, 0, 0),
('2011-07-05 06:45:08', NULL, NULL, 0, 371, '10.0.1.114', 2, NULL, 0, 0, 0),
('2011-07-05 06:45:08', NULL, NULL, 0, 372, '10.0.1.115', 2, NULL, 0, 0, 0),
('2011-07-05 06:45:08', NULL, NULL, 0, 373, '10.0.1.116', 2, NULL, 0, 0, 0),
('2011-07-05 06:45:08', NULL, NULL, 0, 374, '10.0.1.117', 2, NULL, 0, 0, 0),
('2011-07-05 06:45:08', NULL, NULL, 0, 375, '10.0.1.118', 2, NULL, 0, 0, 0),
('2011-07-05 06:45:08', NULL, NULL, 0, 376, '10.0.1.119', 2, NULL, 0, 0, 0),
('2011-07-05 06:45:08', NULL, NULL, 0, 377, '10.0.1.120', 2, NULL, 0, 0, 0),
('2011-07-05 06:45:08', NULL, NULL, 0, 378, '10.0.1.121', 2, NULL, 0, 0, 0),
('2011-07-05 06:45:08', NULL, NULL, 0, 379, '10.0.1.122', 2, NULL, 0, 0, 0),
('2011-07-05 06:45:08', NULL, NULL, 0, 380, '10.0.1.123', 2, NULL, 0, 0, 0),
('2011-07-05 06:45:08', NULL, NULL, 0, 381, '10.0.1.124', 2, NULL, 0, 0, 0),
('2011-07-05 06:45:08', NULL, NULL, 0, 382, '10.0.1.125', 2, NULL, 0, 0, 0),
('2011-07-05 06:45:08', NULL, NULL, 0, 383, '10.0.1.126', 2, NULL, 0, 0, 0),
('2011-07-05 06:45:08', NULL, NULL, 0, 384, '10.0.1.127', 2, NULL, 0, 0, 0),
('2011-07-05 06:45:08', NULL, NULL, 0, 385, '10.0.1.128', 2, NULL, 0, 0, 0),
('2011-07-05 06:45:08', NULL, NULL, 0, 386, '10.0.1.129', 2, NULL, 0, 0, 0),
('2011-07-05 06:45:08', NULL, NULL, 0, 387, '10.0.1.130', 2, NULL, 0, 0, 0),
('2011-07-05 06:45:08', NULL, NULL, 0, 388, '10.0.1.131', 2, NULL, 0, 0, 0),
('2011-07-05 06:45:08', NULL, NULL, 0, 389, '10.0.1.132', 2, NULL, 0, 0, 0),
('2011-07-05 06:45:08', NULL, NULL, 0, 390, '10.0.1.133', 2, NULL, 0, 0, 0),
('2011-07-05 06:45:08', NULL, NULL, 0, 391, '10.0.1.134', 2, NULL, 0, 0, 0),
('2011-07-05 06:45:08', NULL, NULL, 0, 392, '10.0.1.135', 2, NULL, 0, 0, 0),
('2011-07-05 06:45:08', NULL, NULL, 0, 393, '10.0.1.136', 2, NULL, 0, 0, 0),
('2011-07-05 06:45:08', NULL, NULL, 0, 394, '10.0.1.137', 2, NULL, 0, 0, 0),
('2011-07-05 06:45:08', NULL, NULL, 0, 395, '10.0.1.138', 2, NULL, 0, 0, 0),
('2011-07-05 06:45:08', NULL, NULL, 0, 396, '10.0.1.139', 2, NULL, 0, 0, 0),
('2011-07-05 06:45:08', NULL, NULL, 0, 397, '10.0.1.140', 2, NULL, 0, 0, 0),
('2011-07-05 06:45:08', NULL, NULL, 0, 398, '10.0.1.141', 2, NULL, 0, 0, 0),
('2011-07-05 06:45:08', NULL, NULL, 0, 399, '10.0.1.142', 2, NULL, 0, 0, 0),
('2011-07-05 06:45:08', NULL, NULL, 0, 400, '10.0.1.143', 2, NULL, 0, 0, 0),
('2011-07-05 06:45:08', NULL, NULL, 0, 401, '10.0.1.144', 2, NULL, 0, 0, 0),
('2011-07-05 06:45:08', NULL, NULL, 0, 402, '10.0.1.145', 2, NULL, 0, 0, 0),
('2011-07-05 06:45:08', NULL, NULL, 0, 403, '10.0.1.146', 2, NULL, 0, 0, 0),
('2011-07-05 06:45:08', NULL, NULL, 0, 404, '10.0.1.147', 2, NULL, 0, 0, 0),
('2011-07-05 06:45:08', NULL, NULL, 0, 405, '10.0.1.148', 2, NULL, 0, 0, 0),
('2011-07-05 06:45:08', NULL, NULL, 0, 406, '10.0.1.149', 2, NULL, 0, 0, 0),
('2011-07-05 06:45:08', NULL, NULL, 0, 407, '10.0.1.150', 2, NULL, 0, 0, 0),
('2011-07-05 06:45:08', NULL, NULL, 0, 408, '10.0.1.151', 2, NULL, 0, 0, 0),
('2011-07-05 06:45:08', NULL, NULL, 0, 409, '10.0.1.152', 2, NULL, 0, 0, 0),
('2011-07-05 06:45:08', NULL, NULL, 0, 410, '10.0.1.153', 2, NULL, 0, 0, 0),
('2011-07-05 06:45:08', NULL, NULL, 0, 411, '10.0.1.154', 2, NULL, 0, 0, 0),
('2011-07-05 06:45:09', NULL, NULL, 0, 412, '10.0.1.155', 2, NULL, 0, 0, 0),
('2011-07-05 06:45:09', NULL, NULL, 0, 413, '10.0.1.156', 2, NULL, 0, 0, 0),
('2011-07-05 06:45:09', NULL, NULL, 0, 414, '10.0.1.157', 2, NULL, 0, 0, 0),
('2011-07-05 06:45:09', NULL, NULL, 0, 415, '10.0.1.158', 2, NULL, 0, 0, 0),
('2011-07-05 06:45:09', NULL, NULL, 0, 416, '10.0.1.159', 2, NULL, 0, 0, 0),
('2011-07-05 06:45:09', NULL, NULL, 0, 417, '10.0.1.160', 2, NULL, 0, 0, 0),
('2011-07-05 06:45:09', NULL, NULL, 0, 418, '10.0.1.161', 2, NULL, 0, 0, 0),
('2011-07-05 06:45:09', NULL, NULL, 0, 419, '10.0.1.162', 2, NULL, 0, 0, 0),
('2011-07-05 06:45:09', NULL, NULL, 0, 420, '10.0.1.163', 2, NULL, 0, 0, 0),
('2011-07-05 06:45:09', NULL, NULL, 0, 421, '10.0.1.164', 2, NULL, 0, 0, 0),
('2011-07-05 06:45:09', NULL, NULL, 0, 422, '10.0.1.165', 2, NULL, 0, 0, 0),
('2011-07-05 06:45:09', NULL, NULL, 0, 423, '10.0.1.166', 2, NULL, 0, 0, 0),
('2011-07-05 06:45:09', NULL, NULL, 0, 424, '10.0.1.167', 2, NULL, 0, 0, 0),
('2011-07-05 06:45:09', NULL, NULL, 0, 425, '10.0.1.168', 2, NULL, 0, 0, 0),
('2011-07-05 06:45:09', NULL, NULL, 0, 426, '10.0.1.169', 2, NULL, 0, 0, 0),
('2011-07-05 06:45:09', NULL, NULL, 0, 427, '10.0.1.170', 2, NULL, 0, 0, 0),
('2011-07-05 06:45:09', NULL, NULL, 0, 428, '10.0.1.171', 2, NULL, 0, 0, 0),
('2011-07-05 06:45:09', NULL, NULL, 0, 429, '10.0.1.172', 2, NULL, 0, 0, 0),
('2011-07-05 06:45:09', NULL, NULL, 0, 430, '10.0.1.173', 2, NULL, 0, 0, 0),
('2011-07-05 06:45:09', NULL, NULL, 0, 431, '10.0.1.174', 2, NULL, 0, 0, 0),
('2011-07-05 06:45:09', NULL, NULL, 0, 432, '10.0.1.175', 2, NULL, 0, 0, 0),
('2011-07-05 06:45:09', NULL, NULL, 0, 433, '10.0.1.176', 2, NULL, 0, 0, 0),
('2011-07-05 06:45:09', NULL, NULL, 0, 434, '10.0.1.177', 2, NULL, 0, 0, 0),
('2011-07-05 06:45:09', NULL, NULL, 0, 435, '10.0.1.178', 2, NULL, 0, 0, 0),
('2011-07-05 06:45:09', NULL, NULL, 0, 436, '10.0.1.179', 2, NULL, 0, 0, 0),
('2011-07-05 06:45:09', NULL, NULL, 0, 437, '10.0.1.180', 2, NULL, 0, 0, 0),
('2011-07-05 06:45:09', NULL, NULL, 0, 438, '10.0.1.181', 2, NULL, 0, 0, 0),
('2011-07-05 06:45:09', NULL, NULL, 0, 439, '10.0.1.182', 2, NULL, 0, 0, 0),
('2011-07-05 06:45:09', NULL, NULL, 0, 440, '10.0.1.183', 2, NULL, 0, 0, 0),
('2011-07-05 06:45:09', NULL, NULL, 0, 441, '10.0.1.184', 2, NULL, 0, 0, 0),
('2011-07-05 06:45:09', NULL, NULL, 0, 442, '10.0.1.185', 2, NULL, 0, 0, 0),
('2011-07-05 06:45:09', NULL, NULL, 0, 443, '10.0.1.186', 2, NULL, 0, 0, 0),
('2011-07-05 06:45:09', NULL, NULL, 0, 444, '10.0.1.187', 2, NULL, 0, 0, 0),
('2011-07-05 06:45:09', NULL, NULL, 0, 445, '10.0.1.188', 2, NULL, 0, 0, 0),
('2011-07-05 06:45:09', NULL, NULL, 0, 446, '10.0.1.189', 2, NULL, 0, 0, 0),
('2011-07-05 06:45:09', NULL, NULL, 0, 447, '10.0.1.190', 2, NULL, 0, 0, 0),
('2011-07-05 06:45:09', NULL, NULL, 0, 448, '10.0.1.191', 2, NULL, 0, 0, 0),
('2011-07-05 06:45:09', NULL, NULL, 0, 449, '10.0.1.192', 2, NULL, 0, 0, 0),
('2011-07-05 06:45:09', NULL, NULL, 0, 450, '10.0.1.193', 2, NULL, 0, 0, 0),
('2011-07-05 06:45:09', NULL, NULL, 0, 451, '10.0.1.194', 2, NULL, 0, 0, 0),
('2011-07-05 06:45:09', NULL, NULL, 0, 452, '10.0.1.195', 2, NULL, 0, 0, 0),
('2011-07-05 06:45:09', NULL, NULL, 0, 453, '10.0.1.196', 2, NULL, 0, 0, 0),
('2011-07-05 06:45:09', NULL, NULL, 0, 454, '10.0.1.197', 2, NULL, 0, 0, 0),
('2011-07-05 06:45:09', NULL, NULL, 0, 455, '10.0.1.198', 2, NULL, 0, 0, 0),
('2011-07-05 06:45:09', NULL, NULL, 0, 456, '10.0.1.199', 2, NULL, 0, 0, 0),
('2011-07-05 06:45:09', NULL, NULL, 0, 457, '10.0.1.200', 2, NULL, 0, 0, 0),
('2011-07-05 06:45:09', NULL, NULL, 0, 458, '10.0.1.201', 2, NULL, 0, 0, 0),
('2011-07-05 06:45:09', NULL, NULL, 0, 459, '10.0.1.202', 2, NULL, 0, 0, 0),
('2011-07-05 06:45:09', NULL, NULL, 0, 460, '10.0.1.203', 2, NULL, 0, 0, 0),
('2011-07-05 06:45:09', NULL, NULL, 0, 461, '10.0.1.204', 2, NULL, 0, 0, 0),
('2011-07-05 06:45:09', NULL, NULL, 0, 462, '10.0.1.205', 2, NULL, 0, 0, 0),
('2011-07-05 06:45:09', NULL, NULL, 0, 463, '10.0.1.206', 2, NULL, 0, 0, 0),
('2011-07-05 06:45:09', NULL, NULL, 0, 464, '10.0.1.207', 2, NULL, 0, 0, 0),
('2011-07-05 06:45:09', NULL, NULL, 0, 465, '10.0.1.208', 2, NULL, 0, 0, 0),
('2011-07-05 06:45:09', NULL, NULL, 0, 466, '10.0.1.209', 2, NULL, 0, 0, 0),
('2011-07-05 06:45:09', NULL, NULL, 0, 467, '10.0.1.210', 2, NULL, 0, 0, 0),
('2011-07-05 06:45:09', NULL, NULL, 0, 468, '10.0.1.211', 2, NULL, 0, 0, 0),
('2011-07-05 06:45:09', NULL, NULL, 0, 469, '10.0.1.212', 2, NULL, 0, 0, 0),
('2011-07-05 06:45:09', NULL, NULL, 0, 470, '10.0.1.213', 2, NULL, 0, 0, 0),
('2011-07-05 06:45:09', NULL, NULL, 0, 471, '10.0.1.214', 2, NULL, 0, 0, 0),
('2011-07-05 06:45:09', NULL, NULL, 0, 472, '10.0.1.215', 2, NULL, 0, 0, 0),
('2011-07-05 06:45:09', NULL, NULL, 0, 473, '10.0.1.216', 2, NULL, 0, 0, 0),
('2011-07-05 06:45:09', NULL, NULL, 0, 474, '10.0.1.217', 2, NULL, 0, 0, 0),
('2011-07-05 06:45:09', NULL, NULL, 0, 475, '10.0.1.218', 2, NULL, 0, 0, 0),
('2011-07-05 06:45:09', NULL, NULL, 0, 476, '10.0.1.219', 2, NULL, 0, 0, 0),
('2011-07-05 06:45:09', NULL, NULL, 0, 477, '10.0.1.220', 2, NULL, 0, 0, 0),
('2011-07-05 06:45:09', NULL, NULL, 0, 478, '10.0.1.221', 2, NULL, 0, 0, 0),
('2011-07-05 06:45:09', NULL, NULL, 0, 479, '10.0.1.222', 2, NULL, 0, 0, 0),
('2011-07-05 06:45:09', NULL, NULL, 0, 480, '10.0.1.223', 2, NULL, 0, 0, 0),
('2011-07-05 06:45:09', NULL, NULL, 0, 481, '10.0.1.224', 2, NULL, 0, 0, 0),
('2011-07-05 06:45:09', NULL, NULL, 0, 482, '10.0.1.225', 2, NULL, 0, 0, 0),
('2011-07-05 06:45:09', NULL, NULL, 0, 483, '10.0.1.226', 2, NULL, 0, 0, 0),
('2011-07-05 06:45:09', NULL, NULL, 0, 484, '10.0.1.227', 2, NULL, 0, 0, 0),
('2011-07-05 06:45:09', NULL, NULL, 0, 485, '10.0.1.228', 2, NULL, 0, 0, 0),
('2011-07-05 06:45:09', NULL, NULL, 0, 486, '10.0.1.229', 2, NULL, 0, 0, 0),
('2011-07-05 06:45:09', NULL, NULL, 0, 487, '10.0.1.230', 2, NULL, 0, 0, 0),
('2011-07-05 06:45:09', NULL, NULL, 0, 488, '10.0.1.231', 2, NULL, 0, 0, 0),
('2011-07-05 06:45:09', NULL, NULL, 0, 489, '10.0.1.232', 2, NULL, 0, 0, 0),
('2011-07-05 06:45:09', NULL, NULL, 0, 490, '10.0.1.233', 2, NULL, 0, 0, 0),
('2011-07-05 06:45:09', NULL, NULL, 0, 491, '10.0.1.234', 2, NULL, 0, 0, 0),
('2011-07-05 06:45:09', NULL, NULL, 0, 492, '10.0.1.235', 2, NULL, 0, 0, 0),
('2011-07-05 06:45:09', NULL, NULL, 0, 493, '10.0.1.236', 2, NULL, 0, 0, 0),
('2011-07-05 06:45:09', NULL, NULL, 0, 494, '10.0.1.237', 2, NULL, 0, 0, 0),
('2011-07-05 06:45:09', NULL, NULL, 0, 495, '10.0.1.238', 2, NULL, 0, 0, 0),
('2011-07-05 06:45:09', NULL, NULL, 0, 496, '10.0.1.239', 2, NULL, 0, 0, 0),
('2011-07-05 06:45:09', NULL, NULL, 0, 497, '10.0.1.240', 2, NULL, 0, 0, 0),
('2011-07-05 06:45:09', NULL, NULL, 0, 498, '10.0.1.241', 2, NULL, 0, 0, 0),
('2011-07-05 06:45:09', NULL, NULL, 0, 499, '10.0.1.242', 2, NULL, 0, 0, 0),
('2011-07-05 06:45:09', NULL, NULL, 0, 500, '10.0.1.243', 2, NULL, 0, 0, 0),
('2011-07-05 06:45:09', NULL, NULL, 0, 501, '10.0.1.244', 2, NULL, 0, 0, 0),
('2011-07-05 06:45:09', NULL, NULL, 0, 502, '10.0.1.245', 2, NULL, 0, 0, 0),
('2011-07-05 06:45:09', NULL, NULL, 0, 503, '10.0.1.246', 2, NULL, 0, 0, 0),
('2011-07-05 06:45:09', NULL, NULL, 0, 504, '10.0.1.247', 2, NULL, 0, 0, 0),
('2011-07-05 06:45:09', NULL, NULL, 0, 505, '10.0.1.248', 2, NULL, 0, 0, 0),
('2011-07-05 06:45:09', NULL, NULL, 0, 506, '10.0.1.249', 2, NULL, 0, 0, 0),
('2011-07-05 06:45:09', NULL, NULL, 0, 507, '10.0.1.250', 2, NULL, 0, 0, 0),
('2011-07-05 06:45:09', NULL, NULL, 0, 508, '10.0.1.251', 2, NULL, 0, 0, 0),
('2011-07-05 06:45:09', NULL, NULL, 0, 509, '10.0.1.252', 2, NULL, 0, 0, 0),
('2011-07-05 06:45:09', NULL, NULL, 0, 510, '10.0.1.253', 2, NULL, 0, 0, 0),
('2011-07-05 06:45:09', NULL, NULL, 0, 511, '10.0.1.254', 2, NULL, 0, 0, 0),
('2011-07-05 06:45:09', NULL, NULL, 0, 512, '10.0.1.255', 2, NULL, 0, 0, 0),
('2011-07-05 10:42:38', NULL, NULL, 0, 513, '10.0.2.0', 3, NULL, 0, 0, 1),
('2011-07-05 10:42:38', NULL, NULL, 0, 514, '10.0.2.1', 3, NULL, 0, 0, 1),
('2011-07-05 10:42:38', NULL, NULL, 0, 515, '10.0.2.2', 3, NULL, 0, 0, 1),
('2011-07-05 10:42:38', '2011-07-05 11:10:24', NULL, 0, 516, '10.0.2.3', 3, 32, 1, 0, 0),
('2011-07-05 10:42:38', '2011-07-05 11:15:32', NULL, 0, 517, '10.0.2.4', 3, NULL, 0, 0, 0),
('2011-07-05 10:42:38', NULL, NULL, 0, 518, '10.0.2.5', 3, NULL, 0, 0, 0),
('2011-07-05 10:42:38', NULL, NULL, 0, 519, '10.0.2.6', 3, NULL, 0, 0, 0),
('2011-07-05 10:42:38', NULL, NULL, 0, 520, '10.0.2.7', 3, NULL, 0, 0, 0),
('2011-07-05 10:42:38', NULL, NULL, 0, 521, '10.0.2.8', 3, NULL, 0, 0, 0),
('2011-07-05 10:42:38', NULL, NULL, 0, 522, '10.0.2.9', 3, NULL, 0, 0, 0),
('2011-07-05 10:42:38', NULL, NULL, 0, 523, '10.0.2.10', 3, NULL, 0, 0, 0),
('2011-07-05 10:42:38', NULL, NULL, 0, 524, '10.0.2.11', 3, NULL, 0, 0, 0),
('2011-07-05 10:42:38', NULL, NULL, 0, 525, '10.0.2.12', 3, NULL, 0, 0, 0),
('2011-07-05 10:42:38', NULL, NULL, 0, 526, '10.0.2.13', 3, NULL, 0, 0, 0),
('2011-07-05 10:42:38', NULL, NULL, 0, 527, '10.0.2.14', 3, NULL, 0, 0, 0),
('2011-07-05 10:42:38', NULL, NULL, 0, 528, '10.0.2.15', 3, NULL, 0, 0, 0),
('2011-07-05 10:42:38', NULL, NULL, 0, 529, '10.0.2.16', 3, NULL, 0, 0, 0),
('2011-07-05 10:42:38', NULL, NULL, 0, 530, '10.0.2.17', 3, NULL, 0, 0, 0),
('2011-07-05 10:42:38', NULL, NULL, 0, 531, '10.0.2.18', 3, NULL, 0, 0, 0),
('2011-07-05 10:42:38', NULL, NULL, 0, 532, '10.0.2.19', 3, NULL, 0, 0, 0),
('2011-07-05 10:42:38', NULL, NULL, 0, 533, '10.0.2.20', 3, NULL, 0, 0, 0),
('2011-07-05 10:42:38', NULL, NULL, 0, 534, '10.0.2.21', 3, NULL, 0, 0, 0),
('2011-07-05 10:42:38', NULL, NULL, 0, 535, '10.0.2.22', 3, NULL, 0, 0, 0),
('2011-07-05 10:42:38', NULL, NULL, 0, 536, '10.0.2.23', 3, NULL, 0, 0, 0),
('2011-07-05 10:42:38', NULL, NULL, 0, 537, '10.0.2.24', 3, NULL, 0, 0, 0),
('2011-07-05 10:42:38', NULL, NULL, 0, 538, '10.0.2.25', 3, NULL, 0, 0, 0),
('2011-07-05 10:42:38', NULL, NULL, 0, 539, '10.0.2.26', 3, NULL, 0, 0, 0),
('2011-07-05 10:42:38', NULL, NULL, 0, 540, '10.0.2.27', 3, NULL, 0, 0, 0),
('2011-07-05 10:42:38', NULL, NULL, 0, 541, '10.0.2.28', 3, NULL, 0, 0, 0),
('2011-07-05 10:42:38', NULL, NULL, 0, 542, '10.0.2.29', 3, NULL, 0, 0, 0),
('2011-07-05 10:42:38', NULL, NULL, 0, 543, '10.0.2.30', 3, NULL, 0, 0, 0),
('2011-07-05 10:42:38', NULL, NULL, 0, 544, '10.0.2.31', 3, NULL, 0, 0, 0),
('2011-07-05 10:42:38', NULL, NULL, 0, 545, '10.0.2.32', 3, NULL, 0, 0, 0),
('2011-07-05 10:42:38', NULL, NULL, 0, 546, '10.0.2.33', 3, NULL, 0, 0, 0),
('2011-07-05 10:42:38', NULL, NULL, 0, 547, '10.0.2.34', 3, NULL, 0, 0, 0),
('2011-07-05 10:42:38', NULL, NULL, 0, 548, '10.0.2.35', 3, NULL, 0, 0, 0),
('2011-07-05 10:42:38', NULL, NULL, 0, 549, '10.0.2.36', 3, NULL, 0, 0, 0),
('2011-07-05 10:42:38', NULL, NULL, 0, 550, '10.0.2.37', 3, NULL, 0, 0, 0),
('2011-07-05 10:42:38', NULL, NULL, 0, 551, '10.0.2.38', 3, NULL, 0, 0, 0),
('2011-07-05 10:42:38', NULL, NULL, 0, 552, '10.0.2.39', 3, NULL, 0, 0, 0),
('2011-07-05 10:42:38', NULL, NULL, 0, 553, '10.0.2.40', 3, NULL, 0, 0, 0),
('2011-07-05 10:42:38', NULL, NULL, 0, 554, '10.0.2.41', 3, NULL, 0, 0, 0),
('2011-07-05 10:42:38', NULL, NULL, 0, 555, '10.0.2.42', 3, NULL, 0, 0, 0),
('2011-07-05 10:42:38', NULL, NULL, 0, 556, '10.0.2.43', 3, NULL, 0, 0, 0),
('2011-07-05 10:42:38', NULL, NULL, 0, 557, '10.0.2.44', 3, NULL, 0, 0, 0),
('2011-07-05 10:42:38', NULL, NULL, 0, 558, '10.0.2.45', 3, NULL, 0, 0, 0),
('2011-07-05 10:42:38', NULL, NULL, 0, 559, '10.0.2.46', 3, NULL, 0, 0, 0),
('2011-07-05 10:42:38', NULL, NULL, 0, 560, '10.0.2.47', 3, NULL, 0, 0, 0),
('2011-07-05 10:42:38', NULL, NULL, 0, 561, '10.0.2.48', 3, NULL, 0, 0, 0),
('2011-07-05 10:42:38', NULL, NULL, 0, 562, '10.0.2.49', 3, NULL, 0, 0, 0),
('2011-07-05 10:42:38', NULL, NULL, 0, 563, '10.0.2.50', 3, NULL, 0, 0, 0),
('2011-07-05 10:42:38', NULL, NULL, 0, 564, '10.0.2.51', 3, NULL, 0, 0, 0),
('2011-07-05 10:42:38', NULL, NULL, 0, 565, '10.0.2.52', 3, NULL, 0, 0, 0),
('2011-07-05 10:42:38', NULL, NULL, 0, 566, '10.0.2.53', 3, NULL, 0, 0, 0),
('2011-07-05 10:42:38', NULL, NULL, 0, 567, '10.0.2.54', 3, NULL, 0, 0, 0),
('2011-07-05 10:42:38', NULL, NULL, 0, 568, '10.0.2.55', 3, NULL, 0, 0, 0),
('2011-07-05 10:42:38', NULL, NULL, 0, 569, '10.0.2.56', 3, NULL, 0, 0, 0),
('2011-07-05 10:42:38', NULL, NULL, 0, 570, '10.0.2.57', 3, NULL, 0, 0, 0),
('2011-07-05 10:42:38', NULL, NULL, 0, 571, '10.0.2.58', 3, NULL, 0, 0, 0),
('2011-07-05 10:42:38', NULL, NULL, 0, 572, '10.0.2.59', 3, NULL, 0, 0, 0),
('2011-07-05 10:42:38', NULL, NULL, 0, 573, '10.0.2.60', 3, NULL, 0, 0, 0),
('2011-07-05 10:42:38', NULL, NULL, 0, 574, '10.0.2.61', 3, NULL, 0, 0, 0),
('2011-07-05 10:42:38', NULL, NULL, 0, 575, '10.0.2.62', 3, NULL, 0, 0, 0),
('2011-07-05 10:42:38', NULL, NULL, 0, 576, '10.0.2.63', 3, NULL, 0, 0, 0),
('2011-07-05 10:42:38', NULL, NULL, 0, 577, '10.0.2.64', 3, NULL, 0, 0, 0),
('2011-07-05 10:42:38', NULL, NULL, 0, 578, '10.0.2.65', 3, NULL, 0, 0, 0),
('2011-07-05 10:42:38', NULL, NULL, 0, 579, '10.0.2.66', 3, NULL, 0, 0, 0),
('2011-07-05 10:42:38', NULL, NULL, 0, 580, '10.0.2.67', 3, NULL, 0, 0, 0),
('2011-07-05 10:42:38', NULL, NULL, 0, 581, '10.0.2.68', 3, NULL, 0, 0, 0),
('2011-07-05 10:42:38', NULL, NULL, 0, 582, '10.0.2.69', 3, NULL, 0, 0, 0),
('2011-07-05 10:42:38', NULL, NULL, 0, 583, '10.0.2.70', 3, NULL, 0, 0, 0),
('2011-07-05 10:42:38', NULL, NULL, 0, 584, '10.0.2.71', 3, NULL, 0, 0, 0),
('2011-07-05 10:42:38', NULL, NULL, 0, 585, '10.0.2.72', 3, NULL, 0, 0, 0),
('2011-07-05 10:42:38', NULL, NULL, 0, 586, '10.0.2.73', 3, NULL, 0, 0, 0),
('2011-07-05 10:42:38', NULL, NULL, 0, 587, '10.0.2.74', 3, NULL, 0, 0, 0),
('2011-07-05 10:42:38', NULL, NULL, 0, 588, '10.0.2.75', 3, NULL, 0, 0, 0),
('2011-07-05 10:42:38', NULL, NULL, 0, 589, '10.0.2.76', 3, NULL, 0, 0, 0),
('2011-07-05 10:42:38', NULL, NULL, 0, 590, '10.0.2.77', 3, NULL, 0, 0, 0),
('2011-07-05 10:42:38', NULL, NULL, 0, 591, '10.0.2.78', 3, NULL, 0, 0, 0),
('2011-07-05 10:42:38', NULL, NULL, 0, 592, '10.0.2.79', 3, NULL, 0, 0, 0),
('2011-07-05 10:42:38', NULL, NULL, 0, 593, '10.0.2.80', 3, NULL, 0, 0, 0),
('2011-07-05 10:42:38', NULL, NULL, 0, 594, '10.0.2.81', 3, NULL, 0, 0, 0),
('2011-07-05 10:42:38', NULL, NULL, 0, 595, '10.0.2.82', 3, NULL, 0, 0, 0),
('2011-07-05 10:42:38', NULL, NULL, 0, 596, '10.0.2.83', 3, NULL, 0, 0, 0),
('2011-07-05 10:42:38', NULL, NULL, 0, 597, '10.0.2.84', 3, NULL, 0, 0, 0),
('2011-07-05 10:42:38', NULL, NULL, 0, 598, '10.0.2.85', 3, NULL, 0, 0, 0),
('2011-07-05 10:42:38', NULL, NULL, 0, 599, '10.0.2.86', 3, NULL, 0, 0, 0),
('2011-07-05 10:42:38', NULL, NULL, 0, 600, '10.0.2.87', 3, NULL, 0, 0, 0),
('2011-07-05 10:42:38', NULL, NULL, 0, 601, '10.0.2.88', 3, NULL, 0, 0, 0),
('2011-07-05 10:42:38', NULL, NULL, 0, 602, '10.0.2.89', 3, NULL, 0, 0, 0),
('2011-07-05 10:42:38', NULL, NULL, 0, 603, '10.0.2.90', 3, NULL, 0, 0, 0),
('2011-07-05 10:42:38', NULL, NULL, 0, 604, '10.0.2.91', 3, NULL, 0, 0, 0),
('2011-07-05 10:42:38', NULL, NULL, 0, 605, '10.0.2.92', 3, NULL, 0, 0, 0),
('2011-07-05 10:42:38', NULL, NULL, 0, 606, '10.0.2.93', 3, NULL, 0, 0, 0),
('2011-07-05 10:42:38', NULL, NULL, 0, 607, '10.0.2.94', 3, NULL, 0, 0, 0),
('2011-07-05 10:42:38', NULL, NULL, 0, 608, '10.0.2.95', 3, NULL, 0, 0, 0),
('2011-07-05 10:42:38', NULL, NULL, 0, 609, '10.0.2.96', 3, NULL, 0, 0, 0),
('2011-07-05 10:42:38', NULL, NULL, 0, 610, '10.0.2.97', 3, NULL, 0, 0, 0),
('2011-07-05 10:42:38', NULL, NULL, 0, 611, '10.0.2.98', 3, NULL, 0, 0, 0),
('2011-07-05 10:42:38', NULL, NULL, 0, 612, '10.0.2.99', 3, NULL, 0, 0, 0),
('2011-07-05 10:42:38', NULL, NULL, 0, 613, '10.0.2.100', 3, NULL, 0, 0, 0),
('2011-07-05 10:42:38', NULL, NULL, 0, 614, '10.0.2.101', 3, NULL, 0, 0, 0),
('2011-07-05 10:42:38', NULL, NULL, 0, 615, '10.0.2.102', 3, NULL, 0, 0, 0),
('2011-07-05 10:42:38', NULL, NULL, 0, 616, '10.0.2.103', 3, NULL, 0, 0, 0),
('2011-07-05 10:42:38', NULL, NULL, 0, 617, '10.0.2.104', 3, NULL, 0, 0, 0),
('2011-07-05 10:42:38', NULL, NULL, 0, 618, '10.0.2.105', 3, NULL, 0, 0, 0),
('2011-07-05 10:42:38', NULL, NULL, 0, 619, '10.0.2.106', 3, NULL, 0, 0, 0),
('2011-07-05 10:42:38', NULL, NULL, 0, 620, '10.0.2.107', 3, NULL, 0, 0, 0),
('2011-07-05 10:42:38', NULL, NULL, 0, 621, '10.0.2.108', 3, NULL, 0, 0, 0),
('2011-07-05 10:42:38', NULL, NULL, 0, 622, '10.0.2.109', 3, NULL, 0, 0, 0),
('2011-07-05 10:42:38', NULL, NULL, 0, 623, '10.0.2.110', 3, NULL, 0, 0, 0),
('2011-07-05 10:42:38', NULL, NULL, 0, 624, '10.0.2.111', 3, NULL, 0, 0, 0),
('2011-07-05 10:42:38', NULL, NULL, 0, 625, '10.0.2.112', 3, NULL, 0, 0, 0),
('2011-07-05 10:42:38', NULL, NULL, 0, 626, '10.0.2.113', 3, NULL, 0, 0, 0),
('2011-07-05 10:42:38', NULL, NULL, 0, 627, '10.0.2.114', 3, NULL, 0, 0, 0),
('2011-07-05 10:42:38', NULL, NULL, 0, 628, '10.0.2.115', 3, NULL, 0, 0, 0),
('2011-07-05 10:42:38', NULL, NULL, 0, 629, '10.0.2.116', 3, NULL, 0, 0, 0),
('2011-07-05 10:42:38', NULL, NULL, 0, 630, '10.0.2.117', 3, NULL, 0, 0, 0),
('2011-07-05 10:42:38', NULL, NULL, 0, 631, '10.0.2.118', 3, NULL, 0, 0, 0),
('2011-07-05 10:42:38', NULL, NULL, 0, 632, '10.0.2.119', 3, NULL, 0, 0, 0),
('2011-07-05 10:42:38', NULL, NULL, 0, 633, '10.0.2.120', 3, NULL, 0, 0, 0),
('2011-07-05 10:42:38', NULL, NULL, 0, 634, '10.0.2.121', 3, NULL, 0, 0, 0),
('2011-07-05 10:42:38', NULL, NULL, 0, 635, '10.0.2.122', 3, NULL, 0, 0, 0),
('2011-07-05 10:42:38', NULL, NULL, 0, 636, '10.0.2.123', 3, NULL, 0, 0, 0),
('2011-07-05 10:42:38', NULL, NULL, 0, 637, '10.0.2.124', 3, NULL, 0, 0, 0),
('2011-07-05 10:42:38', NULL, NULL, 0, 638, '10.0.2.125', 3, NULL, 0, 0, 0),
('2011-07-05 10:42:38', NULL, NULL, 0, 639, '10.0.2.126', 3, NULL, 0, 0, 0),
('2011-07-05 10:42:38', NULL, NULL, 0, 640, '10.0.2.127', 3, NULL, 0, 0, 0),
('2011-07-05 10:42:38', NULL, NULL, 0, 641, '10.0.2.128', 3, NULL, 0, 0, 0),
('2011-07-05 10:42:38', NULL, NULL, 0, 642, '10.0.2.129', 3, NULL, 0, 0, 0),
('2011-07-05 10:42:38', NULL, NULL, 0, 643, '10.0.2.130', 3, NULL, 0, 0, 0),
('2011-07-05 10:42:38', NULL, NULL, 0, 644, '10.0.2.131', 3, NULL, 0, 0, 0),
('2011-07-05 10:42:38', NULL, NULL, 0, 645, '10.0.2.132', 3, NULL, 0, 0, 0),
('2011-07-05 10:42:38', NULL, NULL, 0, 646, '10.0.2.133', 3, NULL, 0, 0, 0),
('2011-07-05 10:42:38', NULL, NULL, 0, 647, '10.0.2.134', 3, NULL, 0, 0, 0),
('2011-07-05 10:42:38', NULL, NULL, 0, 648, '10.0.2.135', 3, NULL, 0, 0, 0),
('2011-07-05 10:42:38', NULL, NULL, 0, 649, '10.0.2.136', 3, NULL, 0, 0, 0),
('2011-07-05 10:42:38', NULL, NULL, 0, 650, '10.0.2.137', 3, NULL, 0, 0, 0),
('2011-07-05 10:42:38', NULL, NULL, 0, 651, '10.0.2.138', 3, NULL, 0, 0, 0),
('2011-07-05 10:42:38', NULL, NULL, 0, 652, '10.0.2.139', 3, NULL, 0, 0, 0),
('2011-07-05 10:42:38', NULL, NULL, 0, 653, '10.0.2.140', 3, NULL, 0, 0, 0),
('2011-07-05 10:42:38', NULL, NULL, 0, 654, '10.0.2.141', 3, NULL, 0, 0, 0),
('2011-07-05 10:42:38', NULL, NULL, 0, 655, '10.0.2.142', 3, NULL, 0, 0, 0),
('2011-07-05 10:42:38', NULL, NULL, 0, 656, '10.0.2.143', 3, NULL, 0, 0, 0),
('2011-07-05 10:42:38', NULL, NULL, 0, 657, '10.0.2.144', 3, NULL, 0, 0, 0),
('2011-07-05 10:42:38', NULL, NULL, 0, 658, '10.0.2.145', 3, NULL, 0, 0, 0),
('2011-07-05 10:42:38', NULL, NULL, 0, 659, '10.0.2.146', 3, NULL, 0, 0, 0),
('2011-07-05 10:42:38', NULL, NULL, 0, 660, '10.0.2.147', 3, NULL, 0, 0, 0),
('2011-07-05 10:42:38', NULL, NULL, 0, 661, '10.0.2.148', 3, NULL, 0, 0, 0),
('2011-07-05 10:42:38', NULL, NULL, 0, 662, '10.0.2.149', 3, NULL, 0, 0, 0),
('2011-07-05 10:42:38', NULL, NULL, 0, 663, '10.0.2.150', 3, NULL, 0, 0, 0),
('2011-07-05 10:42:38', NULL, NULL, 0, 664, '10.0.2.151', 3, NULL, 0, 0, 0),
('2011-07-05 10:42:38', NULL, NULL, 0, 665, '10.0.2.152', 3, NULL, 0, 0, 0),
('2011-07-05 10:42:38', NULL, NULL, 0, 666, '10.0.2.153', 3, NULL, 0, 0, 0),
('2011-07-05 10:42:38', NULL, NULL, 0, 667, '10.0.2.154', 3, NULL, 0, 0, 0),
('2011-07-05 10:42:38', NULL, NULL, 0, 668, '10.0.2.155', 3, NULL, 0, 0, 0);
INSERT INTO `fixed_ips` (`created_at`, `updated_at`, `deleted_at`, `deleted`, `id`, `address`, `network_id`, `instance_id`, `allocated`, `leased`, `reserved`) VALUES
('2011-07-05 10:42:38', NULL, NULL, 0, 669, '10.0.2.156', 3, NULL, 0, 0, 0),
('2011-07-05 10:42:38', NULL, NULL, 0, 670, '10.0.2.157', 3, NULL, 0, 0, 0),
('2011-07-05 10:42:38', NULL, NULL, 0, 671, '10.0.2.158', 3, NULL, 0, 0, 0),
('2011-07-05 10:42:38', NULL, NULL, 0, 672, '10.0.2.159', 3, NULL, 0, 0, 0),
('2011-07-05 10:42:38', NULL, NULL, 0, 673, '10.0.2.160', 3, NULL, 0, 0, 0),
('2011-07-05 10:42:38', NULL, NULL, 0, 674, '10.0.2.161', 3, NULL, 0, 0, 0),
('2011-07-05 10:42:38', NULL, NULL, 0, 675, '10.0.2.162', 3, NULL, 0, 0, 0),
('2011-07-05 10:42:38', NULL, NULL, 0, 676, '10.0.2.163', 3, NULL, 0, 0, 0),
('2011-07-05 10:42:38', NULL, NULL, 0, 677, '10.0.2.164', 3, NULL, 0, 0, 0),
('2011-07-05 10:42:38', NULL, NULL, 0, 678, '10.0.2.165', 3, NULL, 0, 0, 0),
('2011-07-05 10:42:38', NULL, NULL, 0, 679, '10.0.2.166', 3, NULL, 0, 0, 0),
('2011-07-05 10:42:38', NULL, NULL, 0, 680, '10.0.2.167', 3, NULL, 0, 0, 0),
('2011-07-05 10:42:38', NULL, NULL, 0, 681, '10.0.2.168', 3, NULL, 0, 0, 0),
('2011-07-05 10:42:38', NULL, NULL, 0, 682, '10.0.2.169', 3, NULL, 0, 0, 0),
('2011-07-05 10:42:38', NULL, NULL, 0, 683, '10.0.2.170', 3, NULL, 0, 0, 0),
('2011-07-05 10:42:38', NULL, NULL, 0, 684, '10.0.2.171', 3, NULL, 0, 0, 0),
('2011-07-05 10:42:38', NULL, NULL, 0, 685, '10.0.2.172', 3, NULL, 0, 0, 0),
('2011-07-05 10:42:38', NULL, NULL, 0, 686, '10.0.2.173', 3, NULL, 0, 0, 0),
('2011-07-05 10:42:38', NULL, NULL, 0, 687, '10.0.2.174', 3, NULL, 0, 0, 0),
('2011-07-05 10:42:38', NULL, NULL, 0, 688, '10.0.2.175', 3, NULL, 0, 0, 0),
('2011-07-05 10:42:38', NULL, NULL, 0, 689, '10.0.2.176', 3, NULL, 0, 0, 0),
('2011-07-05 10:42:38', NULL, NULL, 0, 690, '10.0.2.177', 3, NULL, 0, 0, 0),
('2011-07-05 10:42:38', NULL, NULL, 0, 691, '10.0.2.178', 3, NULL, 0, 0, 0),
('2011-07-05 10:42:38', NULL, NULL, 0, 692, '10.0.2.179', 3, NULL, 0, 0, 0),
('2011-07-05 10:42:38', NULL, NULL, 0, 693, '10.0.2.180', 3, NULL, 0, 0, 0),
('2011-07-05 10:42:38', NULL, NULL, 0, 694, '10.0.2.181', 3, NULL, 0, 0, 0),
('2011-07-05 10:42:38', NULL, NULL, 0, 695, '10.0.2.182', 3, NULL, 0, 0, 0),
('2011-07-05 10:42:38', NULL, NULL, 0, 696, '10.0.2.183', 3, NULL, 0, 0, 0),
('2011-07-05 10:42:38', NULL, NULL, 0, 697, '10.0.2.184', 3, NULL, 0, 0, 0),
('2011-07-05 10:42:38', NULL, NULL, 0, 698, '10.0.2.185', 3, NULL, 0, 0, 0),
('2011-07-05 10:42:38', NULL, NULL, 0, 699, '10.0.2.186', 3, NULL, 0, 0, 0),
('2011-07-05 10:42:38', NULL, NULL, 0, 700, '10.0.2.187', 3, NULL, 0, 0, 0),
('2011-07-05 10:42:38', NULL, NULL, 0, 701, '10.0.2.188', 3, NULL, 0, 0, 0),
('2011-07-05 10:42:38', NULL, NULL, 0, 702, '10.0.2.189', 3, NULL, 0, 0, 0),
('2011-07-05 10:42:38', NULL, NULL, 0, 703, '10.0.2.190', 3, NULL, 0, 0, 0),
('2011-07-05 10:42:38', NULL, NULL, 0, 704, '10.0.2.191', 3, NULL, 0, 0, 0),
('2011-07-05 10:42:38', NULL, NULL, 0, 705, '10.0.2.192', 3, NULL, 0, 0, 0),
('2011-07-05 10:42:38', NULL, NULL, 0, 706, '10.0.2.193', 3, NULL, 0, 0, 0),
('2011-07-05 10:42:38', NULL, NULL, 0, 707, '10.0.2.194', 3, NULL, 0, 0, 0),
('2011-07-05 10:42:38', NULL, NULL, 0, 708, '10.0.2.195', 3, NULL, 0, 0, 0),
('2011-07-05 10:42:38', NULL, NULL, 0, 709, '10.0.2.196', 3, NULL, 0, 0, 0),
('2011-07-05 10:42:38', NULL, NULL, 0, 710, '10.0.2.197', 3, NULL, 0, 0, 0),
('2011-07-05 10:42:38', NULL, NULL, 0, 711, '10.0.2.198', 3, NULL, 0, 0, 0),
('2011-07-05 10:42:38', NULL, NULL, 0, 712, '10.0.2.199', 3, NULL, 0, 0, 0),
('2011-07-05 10:42:38', NULL, NULL, 0, 713, '10.0.2.200', 3, NULL, 0, 0, 0),
('2011-07-05 10:42:38', NULL, NULL, 0, 714, '10.0.2.201', 3, NULL, 0, 0, 0),
('2011-07-05 10:42:38', NULL, NULL, 0, 715, '10.0.2.202', 3, NULL, 0, 0, 0),
('2011-07-05 10:42:38', NULL, NULL, 0, 716, '10.0.2.203', 3, NULL, 0, 0, 0),
('2011-07-05 10:42:38', NULL, NULL, 0, 717, '10.0.2.204', 3, NULL, 0, 0, 0),
('2011-07-05 10:42:38', NULL, NULL, 0, 718, '10.0.2.205', 3, NULL, 0, 0, 0),
('2011-07-05 10:42:38', NULL, NULL, 0, 719, '10.0.2.206', 3, NULL, 0, 0, 0),
('2011-07-05 10:42:38', NULL, NULL, 0, 720, '10.0.2.207', 3, NULL, 0, 0, 0),
('2011-07-05 10:42:38', NULL, NULL, 0, 721, '10.0.2.208', 3, NULL, 0, 0, 0),
('2011-07-05 10:42:38', NULL, NULL, 0, 722, '10.0.2.209', 3, NULL, 0, 0, 0),
('2011-07-05 10:42:38', NULL, NULL, 0, 723, '10.0.2.210', 3, NULL, 0, 0, 0),
('2011-07-05 10:42:38', NULL, NULL, 0, 724, '10.0.2.211', 3, NULL, 0, 0, 0),
('2011-07-05 10:42:38', NULL, NULL, 0, 725, '10.0.2.212', 3, NULL, 0, 0, 0),
('2011-07-05 10:42:38', NULL, NULL, 0, 726, '10.0.2.213', 3, NULL, 0, 0, 0),
('2011-07-05 10:42:38', NULL, NULL, 0, 727, '10.0.2.214', 3, NULL, 0, 0, 0),
('2011-07-05 10:42:38', NULL, NULL, 0, 728, '10.0.2.215', 3, NULL, 0, 0, 0),
('2011-07-05 10:42:38', NULL, NULL, 0, 729, '10.0.2.216', 3, NULL, 0, 0, 0),
('2011-07-05 10:42:38', NULL, NULL, 0, 730, '10.0.2.217', 3, NULL, 0, 0, 0),
('2011-07-05 10:42:38', NULL, NULL, 0, 731, '10.0.2.218', 3, NULL, 0, 0, 0),
('2011-07-05 10:42:38', NULL, NULL, 0, 732, '10.0.2.219', 3, NULL, 0, 0, 0),
('2011-07-05 10:42:38', NULL, NULL, 0, 733, '10.0.2.220', 3, NULL, 0, 0, 0),
('2011-07-05 10:42:38', NULL, NULL, 0, 734, '10.0.2.221', 3, NULL, 0, 0, 0),
('2011-07-05 10:42:38', NULL, NULL, 0, 735, '10.0.2.222', 3, NULL, 0, 0, 0),
('2011-07-05 10:42:38', NULL, NULL, 0, 736, '10.0.2.223', 3, NULL, 0, 0, 0),
('2011-07-05 10:42:38', NULL, NULL, 0, 737, '10.0.2.224', 3, NULL, 0, 0, 0),
('2011-07-05 10:42:38', NULL, NULL, 0, 738, '10.0.2.225', 3, NULL, 0, 0, 0),
('2011-07-05 10:42:38', NULL, NULL, 0, 739, '10.0.2.226', 3, NULL, 0, 0, 0),
('2011-07-05 10:42:38', NULL, NULL, 0, 740, '10.0.2.227', 3, NULL, 0, 0, 0),
('2011-07-05 10:42:38', NULL, NULL, 0, 741, '10.0.2.228', 3, NULL, 0, 0, 0),
('2011-07-05 10:42:38', NULL, NULL, 0, 742, '10.0.2.229', 3, NULL, 0, 0, 0),
('2011-07-05 10:42:38', NULL, NULL, 0, 743, '10.0.2.230', 3, NULL, 0, 0, 0),
('2011-07-05 10:42:38', NULL, NULL, 0, 744, '10.0.2.231', 3, NULL, 0, 0, 0),
('2011-07-05 10:42:38', NULL, NULL, 0, 745, '10.0.2.232', 3, NULL, 0, 0, 0),
('2011-07-05 10:42:38', NULL, NULL, 0, 746, '10.0.2.233', 3, NULL, 0, 0, 0),
('2011-07-05 10:42:38', NULL, NULL, 0, 747, '10.0.2.234', 3, NULL, 0, 0, 0),
('2011-07-05 10:42:38', NULL, NULL, 0, 748, '10.0.2.235', 3, NULL, 0, 0, 0),
('2011-07-05 10:42:38', NULL, NULL, 0, 749, '10.0.2.236', 3, NULL, 0, 0, 0),
('2011-07-05 10:42:38', NULL, NULL, 0, 750, '10.0.2.237', 3, NULL, 0, 0, 0),
('2011-07-05 10:42:38', NULL, NULL, 0, 751, '10.0.2.238', 3, NULL, 0, 0, 0),
('2011-07-05 10:42:38', NULL, NULL, 0, 752, '10.0.2.239', 3, NULL, 0, 0, 0),
('2011-07-05 10:42:38', NULL, NULL, 0, 753, '10.0.2.240', 3, NULL, 0, 0, 0),
('2011-07-05 10:42:38', NULL, NULL, 0, 754, '10.0.2.241', 3, NULL, 0, 0, 0),
('2011-07-05 10:42:38', NULL, NULL, 0, 755, '10.0.2.242', 3, NULL, 0, 0, 0),
('2011-07-05 10:42:38', NULL, NULL, 0, 756, '10.0.2.243', 3, NULL, 0, 0, 0),
('2011-07-05 10:42:38', NULL, NULL, 0, 757, '10.0.2.244', 3, NULL, 0, 0, 0),
('2011-07-05 10:42:38', NULL, NULL, 0, 758, '10.0.2.245', 3, NULL, 0, 0, 0),
('2011-07-05 10:42:38', NULL, NULL, 0, 759, '10.0.2.246', 3, NULL, 0, 0, 0),
('2011-07-05 10:42:38', NULL, NULL, 0, 760, '10.0.2.247', 3, NULL, 0, 0, 0),
('2011-07-05 10:42:38', NULL, NULL, 0, 761, '10.0.2.248', 3, NULL, 0, 0, 0),
('2011-07-05 10:42:38', NULL, NULL, 0, 762, '10.0.2.249', 3, NULL, 0, 0, 0),
('2011-07-05 10:42:38', NULL, NULL, 0, 763, '10.0.2.250', 3, NULL, 0, 0, 0),
('2011-07-05 10:42:38', NULL, NULL, 0, 764, '10.0.2.251', 3, NULL, 0, 0, 1),
('2011-07-05 10:42:38', NULL, NULL, 0, 765, '10.0.2.252', 3, NULL, 0, 0, 1),
('2011-07-05 10:42:38', NULL, NULL, 0, 766, '10.0.2.253', 3, NULL, 0, 0, 1),
('2011-07-05 10:42:38', NULL, NULL, 0, 767, '10.0.2.254', 3, NULL, 0, 0, 1),
('2011-07-05 10:42:38', NULL, NULL, 0, 768, '10.0.2.255', 3, NULL, 0, 0, 1);

-- --------------------------------------------------------

--
-- Table structure for table `floating_ips`
--

CREATE TABLE IF NOT EXISTS `floating_ips` (
  `created_at` datetime DEFAULT NULL,
  `updated_at` datetime DEFAULT NULL,
  `deleted_at` datetime DEFAULT NULL,
  `deleted` tinyint(1) DEFAULT NULL,
  `id` int(11) NOT NULL AUTO_INCREMENT,
  `address` varchar(255) DEFAULT NULL,
  `fixed_ip_id` int(11) DEFAULT NULL,
  `project_id` varchar(255) DEFAULT NULL,
  `host` varchar(255) DEFAULT NULL,
  PRIMARY KEY (`id`),
  KEY `fixed_ip_id` (`fixed_ip_id`)
) ENGINE=MyISAM  DEFAULT CHARSET=latin1 AUTO_INCREMENT=3 ;

--
-- Dumping data for table `floating_ips`
--

INSERT INTO `floating_ips` (`created_at`, `updated_at`, `deleted_at`, `deleted`, `id`, `address`, `fixed_ip_id`, `project_id`, `host`) VALUES
('2011-07-05 05:39:32', '2011-07-05 08:38:15', NULL, 0, 1, '172.16.4.12', NULL, 'pro1', 'nova'),
('2011-07-05 06:07:24', '2011-07-05 08:38:10', NULL, 0, 2, '172.16.4.13', NULL, 'pro1', 'nova');

-- --------------------------------------------------------

--
-- Table structure for table `instances`
--

CREATE TABLE IF NOT EXISTS `instances` (
  `created_at` datetime DEFAULT NULL,
  `updated_at` datetime DEFAULT NULL,
  `deleted_at` datetime DEFAULT NULL,
  `deleted` tinyint(1) DEFAULT NULL,
  `id` int(11) NOT NULL AUTO_INCREMENT,
  `internal_id` int(11) DEFAULT NULL,
  `admin_pass` varchar(255) DEFAULT NULL,
  `user_id` varchar(255) DEFAULT NULL,
  `project_id` varchar(255) DEFAULT NULL,
  `image_id` varchar(255) DEFAULT NULL,
  `kernel_id` varchar(255) DEFAULT NULL,
  `ramdisk_id` varchar(255) DEFAULT NULL,
  `server_name` varchar(255) DEFAULT NULL,
  `launch_index` int(11) DEFAULT NULL,
  `key_name` varchar(255) DEFAULT NULL,
  `key_data` text,
  `state` int(11) DEFAULT NULL,
  `state_description` varchar(255) DEFAULT NULL,
  `memory_mb` int(11) DEFAULT NULL,
  `vcpus` int(11) DEFAULT NULL,
  `local_gb` int(11) DEFAULT NULL,
  `hostname` varchar(255) DEFAULT NULL,
  `host` varchar(255) DEFAULT NULL,
  `user_data` text,
  `reservation_id` varchar(255) DEFAULT NULL,
  `mac_address` varchar(255) DEFAULT NULL,
  `scheduled_at` datetime DEFAULT NULL,
  `launched_at` datetime DEFAULT NULL,
  `terminated_at` datetime DEFAULT NULL,
  `display_name` varchar(255) DEFAULT NULL,
  `display_description` varchar(255) DEFAULT NULL,
  `availability_zone` varchar(255) DEFAULT NULL,
  `locked` tinyint(1) DEFAULT NULL,
  `os_type` varchar(255) DEFAULT NULL,
  `launched_on` text,
  `instance_type_id` varchar(255) DEFAULT NULL,
  PRIMARY KEY (`id`)
) ENGINE=MyISAM  DEFAULT CHARSET=latin1 AUTO_INCREMENT=33 ;

--
-- Dumping data for table `instances`
--

INSERT INTO `instances` (`created_at`, `updated_at`, `deleted_at`, `deleted`, `id`, `internal_id`, `admin_pass`, `user_id`, `project_id`, `image_id`, `kernel_id`, `ramdisk_id`, `server_name`, `launch_index`, `key_name`, `key_data`, `state`, `state_description`, `memory_mb`, `vcpus`, `local_gb`, `hostname`, `host`, `user_data`, `reservation_id`, `mac_address`, `scheduled_at`, `launched_at`, `terminated_at`, `display_name`, `display_description`, `availability_zone`, `locked`, `os_type`, `launched_on`, `instance_type_id`) VALUES
('2011-07-04 09:36:56', '2011-07-04 10:05:41', '2011-07-04 10:05:41', 1, 1, NULL, NULL, 'hugo', 'pro1', '3', '1', '2', NULL, 0, 'hugo', 'ssh-rsa AAAAB3NzaC1yc2EAAAADAQABAAAAgQC0OzWfNNwIHpgQV5qKBD7ciGl3qG4M5jD24jj/2yYSf0Z9MAWb3LrRkBqiH9ArQLavUbkQyn/Ay2/2wT+at2MdpZoxrYEuL5QMXlpYwwHL4NqeONvMKVGsuWXXrLCFFHbfn0qIxV/mDVtBr6YoS7ZvWkyjQ+vNeiCNBxlKOgaCaQ== nova@nova\n', 5, 'shutdown', 512, 1, 0, 'i-00000001', 'com001', '', 'r-32gsffcn', '02:16:3e:2a:f1:1f', NULL, NULL, '2011-07-04 10:05:40', 'Server 1', NULL, NULL, 0, NULL, 'com001', '2'),
('2011-07-04 09:39:13', '2011-07-04 10:05:38', '2011-07-04 10:05:38', 1, 2, NULL, NULL, 'hugo', 'pro1', '3', '1', '2', NULL, 0, 'hugo', 'ssh-rsa AAAAB3NzaC1yc2EAAAADAQABAAAAgQC0OzWfNNwIHpgQV5qKBD7ciGl3qG4M5jD24jj/2yYSf0Z9MAWb3LrRkBqiH9ArQLavUbkQyn/Ay2/2wT+at2MdpZoxrYEuL5QMXlpYwwHL4NqeONvMKVGsuWXXrLCFFHbfn0qIxV/mDVtBr6YoS7ZvWkyjQ+vNeiCNBxlKOgaCaQ== nova@nova\n', 5, 'shutdown', 512, 1, 0, 'i-00000002', 'com001', '', 'r-ffth3kk9', '02:16:3e:33:42:ab', NULL, NULL, '2011-07-04 10:05:38', 'Server 2', NULL, NULL, 0, NULL, 'com001', '2'),
('2011-07-04 09:44:45', '2011-07-04 10:05:40', '2011-07-04 10:05:40', 1, 3, NULL, NULL, 'hugo', 'pro1', '3', '1', '2', NULL, 0, 'hugo', 'ssh-rsa AAAAB3NzaC1yc2EAAAADAQABAAAAgQC0OzWfNNwIHpgQV5qKBD7ciGl3qG4M5jD24jj/2yYSf0Z9MAWb3LrRkBqiH9ArQLavUbkQyn/Ay2/2wT+at2MdpZoxrYEuL5QMXlpYwwHL4NqeONvMKVGsuWXXrLCFFHbfn0qIxV/mDVtBr6YoS7ZvWkyjQ+vNeiCNBxlKOgaCaQ== nova@nova\n', 5, 'shutdown', 512, 1, 0, 'i-00000003', 'com001', '', 'r-qf7mg1g5', '02:16:3e:7e:19:69', NULL, NULL, '2011-07-04 10:05:39', 'Server 3', NULL, NULL, 0, NULL, 'com001', '2'),
('2011-07-04 09:46:13', '2011-07-04 12:13:59', '2011-07-04 12:13:59', 1, 4, NULL, NULL, 'hugo', 'pro1', '3', '1', '2', NULL, 0, 'hugo', 'ssh-rsa AAAAB3NzaC1yc2EAAAADAQABAAAAgQC0OzWfNNwIHpgQV5qKBD7ciGl3qG4M5jD24jj/2yYSf0Z9MAWb3LrRkBqiH9ArQLavUbkQyn/Ay2/2wT+at2MdpZoxrYEuL5QMXlpYwwHL4NqeONvMKVGsuWXXrLCFFHbfn0qIxV/mDVtBr6YoS7ZvWkyjQ+vNeiCNBxlKOgaCaQ== nova@nova\n', 5, 'shutdown', 512, 1, 0, 'i-00000004', 'com001', '', 'r-b2u3em2y', '02:16:3e:66:e0:74', NULL, '2011-07-04 09:46:22', '2011-07-04 12:13:57', 'Server 4', NULL, NULL, 0, NULL, 'com001', '2'),
('2011-07-04 10:25:07', '2011-07-04 12:13:57', '2011-07-04 12:13:57', 1, 5, NULL, NULL, 'hugo', 'pro1', '3', '1', '2', NULL, 0, 'hugo', 'ssh-rsa AAAAB3NzaC1yc2EAAAADAQABAAAAgQC0OzWfNNwIHpgQV5qKBD7ciGl3qG4M5jD24jj/2yYSf0Z9MAWb3LrRkBqiH9ArQLavUbkQyn/Ay2/2wT+at2MdpZoxrYEuL5QMXlpYwwHL4NqeONvMKVGsuWXXrLCFFHbfn0qIxV/mDVtBr6YoS7ZvWkyjQ+vNeiCNBxlKOgaCaQ== nova@nova\n', 5, 'shutdown', 512, 1, 0, 'i-00000005', 'com001', '', 'r-bp46tylk', '02:16:3e:4c:f0:7c', NULL, '2011-07-04 10:25:16', '2011-07-04 12:13:56', 'Server 5', NULL, NULL, 0, NULL, 'com001', '2'),
('2011-07-04 10:26:42', '2011-07-04 12:14:00', '2011-07-04 12:14:00', 1, 6, NULL, NULL, 'hugo', 'pro1', '5', '4', '', NULL, 0, 'hugo', 'ssh-rsa AAAAB3NzaC1yc2EAAAADAQABAAAAgQC0OzWfNNwIHpgQV5qKBD7ciGl3qG4M5jD24jj/2yYSf0Z9MAWb3LrRkBqiH9ArQLavUbkQyn/Ay2/2wT+at2MdpZoxrYEuL5QMXlpYwwHL4NqeONvMKVGsuWXXrLCFFHbfn0qIxV/mDVtBr6YoS7ZvWkyjQ+vNeiCNBxlKOgaCaQ== nova@nova\n', 5, 'shutdown', 512, 1, 0, 'i-00000006', 'com001', '', 'r-rxl1hggk', '02:16:3e:44:ea:9f', NULL, '2011-07-04 10:28:57', '2011-07-04 12:13:59', 'Server 6', NULL, NULL, 0, NULL, 'com001', '2'),
('2011-07-04 12:21:35', '2011-07-05 02:47:30', '2011-07-05 02:47:30', 1, 7, NULL, NULL, 'hugo', 'pro1', '3', '1', '2', NULL, 0, 'hugo', 'ssh-rsa AAAAB3NzaC1yc2EAAAADAQABAAAAgQC0OzWfNNwIHpgQV5qKBD7ciGl3qG4M5jD24jj/2yYSf0Z9MAWb3LrRkBqiH9ArQLavUbkQyn/Ay2/2wT+at2MdpZoxrYEuL5QMXlpYwwHL4NqeONvMKVGsuWXXrLCFFHbfn0qIxV/mDVtBr6YoS7ZvWkyjQ+vNeiCNBxlKOgaCaQ== nova@nova\n', 5, 'shutdown', 512, 1, 0, 'i-00000007', 'com001', '', 'r-18n3mt0g', '02:16:3e:5d:26:4c', NULL, '2011-07-04 12:21:42', '2011-07-05 02:47:28', 'Server 7', NULL, NULL, 0, NULL, 'com001', '2'),
('2011-07-04 12:23:31', '2011-07-05 02:47:32', '2011-07-05 02:47:32', 1, 8, NULL, NULL, 'hugo', 'pro1', '3', '1', '2', NULL, 0, 'hugo', 'ssh-rsa AAAAB3NzaC1yc2EAAAADAQABAAAAgQC0OzWfNNwIHpgQV5qKBD7ciGl3qG4M5jD24jj/2yYSf0Z9MAWb3LrRkBqiH9ArQLavUbkQyn/Ay2/2wT+at2MdpZoxrYEuL5QMXlpYwwHL4NqeONvMKVGsuWXXrLCFFHbfn0qIxV/mDVtBr6YoS7ZvWkyjQ+vNeiCNBxlKOgaCaQ== nova@nova\n', 5, 'shutdown', 512, 1, 0, 'i-00000008', 'com001', '', 'r-msck8t7f', '02:16:3e:2e:6a:21', NULL, '2011-07-04 12:23:37', '2011-07-05 02:47:30', 'Server 8', NULL, NULL, 0, NULL, 'com001', '2'),
('2011-07-05 02:38:56', '2011-07-05 02:47:28', '2011-07-05 02:47:29', 1, 9, NULL, NULL, 'hugo', 'pro1', '3', '1', '2', NULL, 0, 'hugo', 'ssh-rsa AAAAB3NzaC1yc2EAAAADAQABAAAAgQC0OzWfNNwIHpgQV5qKBD7ciGl3qG4M5jD24jj/2yYSf0Z9MAWb3LrRkBqiH9ArQLavUbkQyn/Ay2/2wT+at2MdpZoxrYEuL5QMXlpYwwHL4NqeONvMKVGsuWXXrLCFFHbfn0qIxV/mDVtBr6YoS7ZvWkyjQ+vNeiCNBxlKOgaCaQ== nova@nova\n', 5, 'shutdown', 512, 1, 0, 'i-00000009', 'com001', '', 'r-l2v8ow5t', '02:16:3e:5a:0a:b1', NULL, '2011-07-05 02:39:02', '2011-07-05 02:47:26', 'Server 9', NULL, NULL, 0, NULL, 'com001', '2'),
('2011-07-05 03:33:00', '2011-07-05 05:34:08', '2011-07-05 05:34:08', 1, 10, NULL, NULL, 'hugo', 'pro1', '3', '1', '2', NULL, 0, 'hugo', 'ssh-rsa AAAAB3NzaC1yc2EAAAADAQABAAAAgQC0OzWfNNwIHpgQV5qKBD7ciGl3qG4M5jD24jj/2yYSf0Z9MAWb3LrRkBqiH9ArQLavUbkQyn/Ay2/2wT+at2MdpZoxrYEuL5QMXlpYwwHL4NqeONvMKVGsuWXXrLCFFHbfn0qIxV/mDVtBr6YoS7ZvWkyjQ+vNeiCNBxlKOgaCaQ== nova@nova\n', 5, 'shutdown', 512, 1, 0, 'i-0000000a', 'com001', '', 'r-ta6neuf0', '02:16:3e:3b:a8:16', NULL, '2011-07-05 03:33:06', '2011-07-05 05:34:07', 'Server 10', NULL, NULL, 0, NULL, 'com001', '2'),
('2011-07-05 03:48:07', '2011-07-05 05:34:10', '2011-07-05 05:34:10', 1, 11, NULL, NULL, 'hugo', 'pro1', '5', '4', '', NULL, 0, 'hugo', 'ssh-rsa AAAAB3NzaC1yc2EAAAADAQABAAAAgQC0OzWfNNwIHpgQV5qKBD7ciGl3qG4M5jD24jj/2yYSf0Z9MAWb3LrRkBqiH9ArQLavUbkQyn/Ay2/2wT+at2MdpZoxrYEuL5QMXlpYwwHL4NqeONvMKVGsuWXXrLCFFHbfn0qIxV/mDVtBr6YoS7ZvWkyjQ+vNeiCNBxlKOgaCaQ== nova@nova\n', 5, 'shutdown', 512, 1, 0, 'i-0000000b', 'com001', '', 'r-thpp3m4o', '02:16:3e:0a:42:b1', NULL, '2011-07-05 03:48:14', '2011-07-05 05:34:10', 'Server 11', NULL, NULL, 0, NULL, 'com001', '2'),
('2011-07-05 04:00:26', '2011-07-05 05:34:05', '2011-07-05 05:34:05', 1, 12, NULL, NULL, 'hugo', 'pro1', '3', '1', '2', NULL, 0, 'hugo', 'ssh-rsa AAAAB3NzaC1yc2EAAAADAQABAAAAgQC0OzWfNNwIHpgQV5qKBD7ciGl3qG4M5jD24jj/2yYSf0Z9MAWb3LrRkBqiH9ArQLavUbkQyn/Ay2/2wT+at2MdpZoxrYEuL5QMXlpYwwHL4NqeONvMKVGsuWXXrLCFFHbfn0qIxV/mDVtBr6YoS7ZvWkyjQ+vNeiCNBxlKOgaCaQ== nova@nova\n', 5, 'shutdown', 512, 1, 0, 'i-0000000c', 'com001', '', 'r-cumylt2t', '02:16:3e:0d:71:b9', NULL, '2011-07-05 04:00:32', '2011-07-05 05:34:04', 'Server 12', NULL, NULL, 0, NULL, 'com001', '2'),
('2011-07-05 04:01:36', '2011-07-05 05:34:09', '2011-07-05 05:34:09', 1, 13, NULL, NULL, 'hugo', 'pro1', '3', '1', '2', NULL, 0, 'hugo', 'ssh-rsa AAAAB3NzaC1yc2EAAAADAQABAAAAgQC0OzWfNNwIHpgQV5qKBD7ciGl3qG4M5jD24jj/2yYSf0Z9MAWb3LrRkBqiH9ArQLavUbkQyn/Ay2/2wT+at2MdpZoxrYEuL5QMXlpYwwHL4NqeONvMKVGsuWXXrLCFFHbfn0qIxV/mDVtBr6YoS7ZvWkyjQ+vNeiCNBxlKOgaCaQ== nova@nova\n', 5, 'shutdown', 512, 1, 0, 'i-0000000d', 'com001', '', 'r-fhg60mes', '02:16:3e:30:08:6c', NULL, '2011-07-05 04:01:41', '2011-07-05 05:34:08', 'Server 13', NULL, NULL, 0, NULL, 'com001', '2'),
('2011-07-05 04:54:14', '2011-07-05 05:34:06', '2011-07-05 05:34:07', 1, 14, NULL, NULL, 'hugo', 'pro1', '3', '1', '2', NULL, 0, 'hugo', 'ssh-rsa AAAAB3NzaC1yc2EAAAADAQABAAAAgQC0OzWfNNwIHpgQV5qKBD7ciGl3qG4M5jD24jj/2yYSf0Z9MAWb3LrRkBqiH9ArQLavUbkQyn/Ay2/2wT+at2MdpZoxrYEuL5QMXlpYwwHL4NqeONvMKVGsuWXXrLCFFHbfn0qIxV/mDVtBr6YoS7ZvWkyjQ+vNeiCNBxlKOgaCaQ== nova@nova\n', 5, 'shutdown', 512, 1, 0, 'i-0000000e', 'com001', '', 'r-uda5rl6p', '02:16:3e:64:9e:7d', NULL, '2011-07-05 04:54:20', '2011-07-05 05:34:06', 'Server 14', NULL, NULL, 0, NULL, 'com001', '2'),
('2011-07-05 05:34:25', '2011-07-05 08:38:15', '2011-07-05 08:38:16', 1, 15, NULL, NULL, 'hugo', 'pro1', '5', '4', '', NULL, 0, 'hugo', 'ssh-rsa AAAAB3NzaC1yc2EAAAADAQABAAAAgQC0OzWfNNwIHpgQV5qKBD7ciGl3qG4M5jD24jj/2yYSf0Z9MAWb3LrRkBqiH9ArQLavUbkQyn/Ay2/2wT+at2MdpZoxrYEuL5QMXlpYwwHL4NqeONvMKVGsuWXXrLCFFHbfn0qIxV/mDVtBr6YoS7ZvWkyjQ+vNeiCNBxlKOgaCaQ== nova@nova\n', 5, 'shutdown', 512, 1, 0, 'i-0000000f', 'com001', '', 'r-8i8yvv2f', '02:16:3e:3b:7a:ae', NULL, '2011-07-05 05:34:32', '2011-07-05 08:38:14', 'Server 15', NULL, NULL, 0, NULL, 'com001', '2'),
('2011-07-05 06:01:04', '2011-07-05 08:38:11', '2011-07-05 08:38:11', 1, 16, NULL, NULL, 'hugo', 'pro1', '5', '4', '', NULL, 0, 'hugo', 'ssh-rsa AAAAB3NzaC1yc2EAAAADAQABAAAAgQC0OzWfNNwIHpgQV5qKBD7ciGl3qG4M5jD24jj/2yYSf0Z9MAWb3LrRkBqiH9ArQLavUbkQyn/Ay2/2wT+at2MdpZoxrYEuL5QMXlpYwwHL4NqeONvMKVGsuWXXrLCFFHbfn0qIxV/mDVtBr6YoS7ZvWkyjQ+vNeiCNBxlKOgaCaQ== nova@nova\n', 5, 'shutdown', 512, 1, 0, 'i-00000010', 'com001', '', 'r-oz3ler17', '02:16:3e:1f:b2:c4', NULL, '2011-07-05 06:01:10', '2011-07-05 08:38:10', 'Server 16', NULL, NULL, 0, NULL, 'com001', '2'),
('2011-07-05 06:48:12', '2011-07-05 06:51:48', '2011-07-05 06:51:48', 1, 17, NULL, NULL, 'hugo', 'pro2', '5', '4', '', NULL, 0, 'hugo2', 'ssh-rsa AAAAB3NzaC1yc2EAAAADAQABAAAAgQDD3UVXTObJbtYvrxJYWbOCJl2X/QOOQgSgzc+KVX9PmGnk+t93Sc2gRibWIk9Sv3b9NG/6sGbw45ZECZ4KhGYdlKnDGyaPF7TP9u1jv14rDi+MCIs8+ObdLSfwZ/gNFpGGJ3kYL5cpKqcWKBYgHH0U/Uf4fky8kWRPGsNWLiUh6Q== nova@nova\n', 5, 'shutdown', 512, 1, 0, 'i-00000011', 'com001', '', 'r-oc5ehruv', '02:16:3e:2e:a2:92', NULL, '2011-07-05 06:48:21', '2011-07-05 06:51:47', 'Server 17', NULL, NULL, 0, NULL, 'com001', '2'),
('2011-07-05 06:51:53', '2011-07-05 08:38:18', '2011-07-05 08:38:18', 1, 18, NULL, NULL, 'hugo', 'pro2', '5', '4', '', NULL, 0, 'hugo2', 'ssh-rsa AAAAB3NzaC1yc2EAAAADAQABAAAAgQDD3UVXTObJbtYvrxJYWbOCJl2X/QOOQgSgzc+KVX9PmGnk+t93Sc2gRibWIk9Sv3b9NG/6sGbw45ZECZ4KhGYdlKnDGyaPF7TP9u1jv14rDi+MCIs8+ObdLSfwZ/gNFpGGJ3kYL5cpKqcWKBYgHH0U/Uf4fky8kWRPGsNWLiUh6Q== nova@nova\n', 5, 'shutdown', 512, 1, 0, 'i-00000012', 'com001', '', 'r-qjb4am7p', '02:16:3e:35:76:b4', NULL, '2011-07-05 06:52:00', '2011-07-05 08:38:17', 'Server 18', NULL, NULL, 0, NULL, 'com001', '2'),
('2011-07-05 08:40:00', '2011-07-05 09:05:34', '2011-07-05 09:05:34', 1, 19, NULL, NULL, 'hugo', 'pro1', '5', '4', '', NULL, 0, 'hugo', 'ssh-rsa AAAAB3NzaC1yc2EAAAADAQABAAAAgQC0OzWfNNwIHpgQV5qKBD7ciGl3qG4M5jD24jj/2yYSf0Z9MAWb3LrRkBqiH9ArQLavUbkQyn/Ay2/2wT+at2MdpZoxrYEuL5QMXlpYwwHL4NqeONvMKVGsuWXXrLCFFHbfn0qIxV/mDVtBr6YoS7ZvWkyjQ+vNeiCNBxlKOgaCaQ== nova@nova\n', 5, 'shutdown', 512, 1, 0, 'i-00000013', 'com001', '', 'r-fmxnajts', '02:16:3e:73:76:05', NULL, '2011-07-05 08:40:07', '2011-07-05 09:05:32', 'Server 19', NULL, NULL, 0, NULL, 'com001', '2'),
('2011-07-05 08:48:32', '2011-07-05 09:05:40', '2011-07-05 09:05:40', 1, 20, NULL, NULL, 'hugo', 'pro1', '5', '4', '', NULL, 0, 'hugo', 'ssh-rsa AAAAB3NzaC1yc2EAAAADAQABAAAAgQC0OzWfNNwIHpgQV5qKBD7ciGl3qG4M5jD24jj/2yYSf0Z9MAWb3LrRkBqiH9ArQLavUbkQyn/Ay2/2wT+at2MdpZoxrYEuL5QMXlpYwwHL4NqeONvMKVGsuWXXrLCFFHbfn0qIxV/mDVtBr6YoS7ZvWkyjQ+vNeiCNBxlKOgaCaQ== nova@nova\n', 5, 'shutdown', 512, 1, 0, 'i-00000014', 'com001', '', 'r-hxt7eo6v', '02:16:3e:5d:75:2b', NULL, '2011-07-05 08:48:43', '2011-07-05 09:05:39', 'Server 20', NULL, NULL, 0, NULL, 'com001', '2'),
('2011-07-05 08:48:32', '2011-07-05 09:05:31', '2011-07-05 09:05:32', 1, 21, NULL, NULL, 'hugo', 'pro1', '5', '4', '', NULL, 1, 'hugo', 'ssh-rsa AAAAB3NzaC1yc2EAAAADAQABAAAAgQC0OzWfNNwIHpgQV5qKBD7ciGl3qG4M5jD24jj/2yYSf0Z9MAWb3LrRkBqiH9ArQLavUbkQyn/Ay2/2wT+at2MdpZoxrYEuL5QMXlpYwwHL4NqeONvMKVGsuWXXrLCFFHbfn0qIxV/mDVtBr6YoS7ZvWkyjQ+vNeiCNBxlKOgaCaQ== nova@nova\n', 5, 'shutdown', 512, 1, 0, 'i-00000015', 'com001', '', 'r-hxt7eo6v', '02:16:3e:65:b9:48', NULL, '2011-07-05 08:48:47', '2011-07-05 09:05:30', 'Server 21', NULL, NULL, 0, NULL, 'com001', '2'),
('2011-07-05 08:48:33', '2011-07-05 09:05:27', '2011-07-05 09:05:28', 1, 22, NULL, NULL, 'hugo', 'pro1', '5', '4', '', NULL, 2, 'hugo', 'ssh-rsa AAAAB3NzaC1yc2EAAAADAQABAAAAgQC0OzWfNNwIHpgQV5qKBD7ciGl3qG4M5jD24jj/2yYSf0Z9MAWb3LrRkBqiH9ArQLavUbkQyn/Ay2/2wT+at2MdpZoxrYEuL5QMXlpYwwHL4NqeONvMKVGsuWXXrLCFFHbfn0qIxV/mDVtBr6YoS7ZvWkyjQ+vNeiCNBxlKOgaCaQ== nova@nova\n', 5, 'shutdown', 512, 1, 0, 'i-00000016', 'com001', '', 'r-hxt7eo6v', '02:16:3e:54:40:6c', NULL, '2011-07-05 08:48:45', '2011-07-05 09:05:26', 'Server 22', NULL, NULL, 0, NULL, 'com001', '2'),
('2011-07-05 08:48:33', '2011-07-05 09:05:25', '2011-07-05 09:05:26', 1, 23, NULL, NULL, 'hugo', 'pro1', '5', '4', '', NULL, 3, 'hugo', 'ssh-rsa AAAAB3NzaC1yc2EAAAADAQABAAAAgQC0OzWfNNwIHpgQV5qKBD7ciGl3qG4M5jD24jj/2yYSf0Z9MAWb3LrRkBqiH9ArQLavUbkQyn/Ay2/2wT+at2MdpZoxrYEuL5QMXlpYwwHL4NqeONvMKVGsuWXXrLCFFHbfn0qIxV/mDVtBr6YoS7ZvWkyjQ+vNeiCNBxlKOgaCaQ== nova@nova\n', 5, 'shutdown', 512, 1, 0, 'i-00000017', 'com001', '', 'r-hxt7eo6v', '02:16:3e:7d:a9:3b', NULL, '2011-07-05 08:48:50', '2011-07-05 09:05:25', 'Server 23', NULL, NULL, 0, NULL, 'com001', '2'),
('2011-07-05 08:59:10', '2011-07-05 09:05:24', '2011-07-05 09:05:24', 1, 24, NULL, NULL, 'hugo', 'pro1', '7', '6', '', NULL, 0, 'hugo', 'ssh-rsa AAAAB3NzaC1yc2EAAAADAQABAAAAgQC0OzWfNNwIHpgQV5qKBD7ciGl3qG4M5jD24jj/2yYSf0Z9MAWb3LrRkBqiH9ArQLavUbkQyn/Ay2/2wT+at2MdpZoxrYEuL5QMXlpYwwHL4NqeONvMKVGsuWXXrLCFFHbfn0qIxV/mDVtBr6YoS7ZvWkyjQ+vNeiCNBxlKOgaCaQ== nova@nova\n', 5, 'shutdown', 512, 1, 0, 'i-00000018', 'com001', '', 'r-4v6g20d3', '02:16:3e:22:1b:10', NULL, '2011-07-05 09:01:34', '2011-07-05 09:05:23', 'Server 24', NULL, NULL, 0, NULL, 'com001', '2'),
('2011-07-05 10:41:46', '2011-07-05 10:54:55', '2011-07-05 10:54:55', 1, 25, NULL, NULL, 'hugo', 'pro1', '3', '1', '2', NULL, 0, 'hugo', 'ssh-rsa AAAAB3NzaC1yc2EAAAADAQABAAAAgQC0OzWfNNwIHpgQV5qKBD7ciGl3qG4M5jD24jj/2yYSf0Z9MAWb3LrRkBqiH9ArQLavUbkQyn/Ay2/2wT+at2MdpZoxrYEuL5QMXlpYwwHL4NqeONvMKVGsuWXXrLCFFHbfn0qIxV/mDVtBr6YoS7ZvWkyjQ+vNeiCNBxlKOgaCaQ== nova@nova\n', 5, 'shutdown', 512, 1, 0, 'i-00000019', 'com001', '', 'r-1b0540mr', '02:16:3e:38:b7:35', NULL, '2011-07-05 10:41:52', '2011-07-05 10:54:54', 'Server 25', NULL, NULL, 0, NULL, 'com001', '2'),
('2011-07-05 10:52:27', '2011-07-05 10:55:01', '2011-07-05 10:55:01', 1, 26, NULL, NULL, 'hugo', 'pro3', '3', '1', '2', NULL, 0, 'hugo', 'ssh-rsa AAAAB3NzaC1yc2EAAAADAQABAAAAgQC0OzWfNNwIHpgQV5qKBD7ciGl3qG4M5jD24jj/2yYSf0Z9MAWb3LrRkBqiH9ArQLavUbkQyn/Ay2/2wT+at2MdpZoxrYEuL5QMXlpYwwHL4NqeONvMKVGsuWXXrLCFFHbfn0qIxV/mDVtBr6YoS7ZvWkyjQ+vNeiCNBxlKOgaCaQ== nova@nova\n', 5, 'shutdown', 512, 1, 0, 'i-0000001a', 'com001', '', 'r-xbqhd0ij', '02:16:3e:09:11:8a', NULL, '2011-07-05 10:52:34', '2011-07-05 10:55:00', 'Server 26', NULL, NULL, 0, NULL, 'com001', '2'),
('2011-07-05 11:01:24', '2011-07-05 11:04:42', '2011-07-05 11:04:42', 1, 27, NULL, NULL, 'hugo', 'pro3', '3', '1', '2', NULL, 0, 'hugo', 'ssh-rsa AAAAB3NzaC1yc2EAAAADAQABAAAAgQC0OzWfNNwIHpgQV5qKBD7ciGl3qG4M5jD24jj/2yYSf0Z9MAWb3LrRkBqiH9ArQLavUbkQyn/Ay2/2wT+at2MdpZoxrYEuL5QMXlpYwwHL4NqeONvMKVGsuWXXrLCFFHbfn0qIxV/mDVtBr6YoS7ZvWkyjQ+vNeiCNBxlKOgaCaQ== nova@nova\n', 5, 'shutdown', 512, 1, 0, 'i-0000001b', 'com001', '', 'r-b4xaaa2l', '02:16:3e:3f:fa:36', NULL, '2011-07-05 11:01:30', '2011-07-05 11:04:40', 'Server 27', NULL, NULL, 0, NULL, 'com001', '2'),
('2011-07-05 11:03:03', '2011-07-05 11:04:40', '2011-07-05 11:04:40', 1, 28, NULL, NULL, 'hugo', 'pro1', '3', '1', '2', NULL, 0, 'hugo', 'ssh-rsa AAAAB3NzaC1yc2EAAAADAQABAAAAgQC0OzWfNNwIHpgQV5qKBD7ciGl3qG4M5jD24jj/2yYSf0Z9MAWb3LrRkBqiH9ArQLavUbkQyn/Ay2/2wT+at2MdpZoxrYEuL5QMXlpYwwHL4NqeONvMKVGsuWXXrLCFFHbfn0qIxV/mDVtBr6YoS7ZvWkyjQ+vNeiCNBxlKOgaCaQ== nova@nova\n', 5, 'shutdown', 512, 1, 0, 'i-0000001c', 'com001', '', 'r-5qetnaln', '02:16:3e:10:76:86', NULL, '2011-07-05 11:03:09', '2011-07-05 11:04:39', 'Server 28', NULL, NULL, 0, NULL, 'com001', '2'),
('2011-07-05 11:05:55', '2011-07-05 11:06:01', NULL, 0, 29, NULL, NULL, 'hugo', 'pro1', '3', '1', '2', NULL, 0, 'hugo', 'ssh-rsa AAAAB3NzaC1yc2EAAAADAQABAAAAgQC0OzWfNNwIHpgQV5qKBD7ciGl3qG4M5jD24jj/2yYSf0Z9MAWb3LrRkBqiH9ArQLavUbkQyn/Ay2/2wT+at2MdpZoxrYEuL5QMXlpYwwHL4NqeONvMKVGsuWXXrLCFFHbfn0qIxV/mDVtBr6YoS7ZvWkyjQ+vNeiCNBxlKOgaCaQ== nova@nova\n', 1, 'running', 512, 1, 0, 'i-0000001d', 'com001', '', 'r-5moofsxf', '02:16:3e:77:17:60', NULL, '2011-07-05 11:06:01', NULL, 'Server 29', NULL, NULL, 0, NULL, 'com001', '2'),
('2011-07-05 11:07:17', '2011-07-05 11:07:23', NULL, 0, 30, NULL, NULL, 'hugo', 'pro1', '3', '1', '2', NULL, 0, 'hugo', 'ssh-rsa AAAAB3NzaC1yc2EAAAADAQABAAAAgQC0OzWfNNwIHpgQV5qKBD7ciGl3qG4M5jD24jj/2yYSf0Z9MAWb3LrRkBqiH9ArQLavUbkQyn/Ay2/2wT+at2MdpZoxrYEuL5QMXlpYwwHL4NqeONvMKVGsuWXXrLCFFHbfn0qIxV/mDVtBr6YoS7ZvWkyjQ+vNeiCNBxlKOgaCaQ== nova@nova\n', 1, 'running', 512, 1, 0, 'i-0000001e', 'com001', '', 'r-nau62x08', '02:16:3e:2b:eb:ce', NULL, '2011-07-05 11:07:23', NULL, 'Server 30', NULL, NULL, 0, NULL, 'com001', '2'),
('2011-07-05 11:09:45', '2011-07-05 11:09:51', NULL, 0, 31, NULL, NULL, 'hugo', 'pro1', '3', '1', '2', NULL, 0, 'hugo', 'ssh-rsa AAAAB3NzaC1yc2EAAAADAQABAAAAgQC0OzWfNNwIHpgQV5qKBD7ciGl3qG4M5jD24jj/2yYSf0Z9MAWb3LrRkBqiH9ArQLavUbkQyn/Ay2/2wT+at2MdpZoxrYEuL5QMXlpYwwHL4NqeONvMKVGsuWXXrLCFFHbfn0qIxV/mDVtBr6YoS7ZvWkyjQ+vNeiCNBxlKOgaCaQ== nova@nova\n', 1, 'running', 512, 1, 0, 'i-0000001f', 'com001', '', 'r-rrciljp0', '02:16:3e:62:4a:dc', NULL, '2011-07-05 11:09:51', NULL, 'Server 31', NULL, NULL, 0, NULL, 'com001', '2'),
('2011-07-05 11:10:24', '2011-07-05 11:10:31', NULL, 0, 32, NULL, NULL, 'hugo', 'pro3', '3', '1', '2', NULL, 0, 'hugo', 'ssh-rsa AAAAB3NzaC1yc2EAAAADAQABAAAAgQC0OzWfNNwIHpgQV5qKBD7ciGl3qG4M5jD24jj/2yYSf0Z9MAWb3LrRkBqiH9ArQLavUbkQyn/Ay2/2wT+at2MdpZoxrYEuL5QMXlpYwwHL4NqeONvMKVGsuWXXrLCFFHbfn0qIxV/mDVtBr6YoS7ZvWkyjQ+vNeiCNBxlKOgaCaQ== nova@nova\n', 1, 'running', 512, 1, 0, 'i-00000020', 'com001', '', 'r-ynkj925l', '02:16:3e:50:62:3d', NULL, '2011-07-05 11:10:30', NULL, 'Server 32', NULL, NULL, 0, NULL, 'com001', '2');

-- --------------------------------------------------------

--
-- Table structure for table `instance_actions`
--

CREATE TABLE IF NOT EXISTS `instance_actions` (
  `created_at` datetime DEFAULT NULL,
  `updated_at` datetime DEFAULT NULL,
  `deleted_at` datetime DEFAULT NULL,
  `deleted` tinyint(1) DEFAULT NULL,
  `id` int(11) NOT NULL AUTO_INCREMENT,
  `instance_id` int(11) DEFAULT NULL,
  `action` varchar(255) DEFAULT NULL,
  `error` text,
  PRIMARY KEY (`id`),
  KEY `instance_id` (`instance_id`)
) ENGINE=MyISAM DEFAULT CHARSET=latin1 AUTO_INCREMENT=1 ;

--
-- Dumping data for table `instance_actions`
--


-- --------------------------------------------------------

--
-- Table structure for table `instance_metadata`
--

CREATE TABLE IF NOT EXISTS `instance_metadata` (
  `created_at` datetime DEFAULT NULL,
  `updated_at` datetime DEFAULT NULL,
  `deleted_at` datetime DEFAULT NULL,
  `deleted` tinyint(1) DEFAULT NULL,
  `id` int(11) NOT NULL AUTO_INCREMENT,
  `instance_id` int(11) NOT NULL,
  `key` varchar(255) DEFAULT NULL,
  `value` varchar(255) DEFAULT NULL,
  PRIMARY KEY (`id`),
  KEY `instance_id` (`instance_id`)
) ENGINE=MyISAM DEFAULT CHARSET=latin1 AUTO_INCREMENT=1 ;

--
-- Dumping data for table `instance_metadata`
--


-- --------------------------------------------------------

--
-- Table structure for table `instance_types`
--

CREATE TABLE IF NOT EXISTS `instance_types` (
  `created_at` datetime DEFAULT NULL,
  `updated_at` datetime DEFAULT NULL,
  `deleted_at` datetime DEFAULT NULL,
  `deleted` tinyint(1) DEFAULT NULL,
  `name` varchar(255) DEFAULT NULL,
  `id` int(11) NOT NULL AUTO_INCREMENT,
  `memory_mb` int(11) NOT NULL,
  `vcpus` int(11) NOT NULL,
  `local_gb` int(11) NOT NULL,
  `flavorid` int(11) NOT NULL,
  `swap` int(11) NOT NULL,
  `rxtx_quota` int(11) NOT NULL,
  `rxtx_cap` int(11) NOT NULL,
  PRIMARY KEY (`id`),
  UNIQUE KEY `flavorid` (`flavorid`),
  UNIQUE KEY `name` (`name`)
) ENGINE=MyISAM  DEFAULT CHARSET=latin1 AUTO_INCREMENT=6 ;

--
-- Dumping data for table `instance_types`
--

INSERT INTO `instance_types` (`created_at`, `updated_at`, `deleted_at`, `deleted`, `name`, `id`, `memory_mb`, `vcpus`, `local_gb`, `flavorid`, `swap`, `rxtx_quota`, `rxtx_cap`) VALUES
(NULL, NULL, NULL, 0, 'm1.medium', 1, 4096, 2, 40, 3, 0, 0, 0),
(NULL, NULL, NULL, 0, 'm1.tiny', 2, 512, 1, 0, 1, 0, 0, 0),
(NULL, NULL, NULL, 0, 'm1.large', 3, 8192, 4, 80, 4, 0, 0, 0),
(NULL, NULL, NULL, 0, 'm1.xlarge', 4, 16384, 8, 160, 5, 0, 0, 0),
(NULL, NULL, NULL, 0, 'm1.small', 5, 2048, 1, 20, 2, 0, 0, 0);

-- --------------------------------------------------------

--
-- Table structure for table `iscsi_targets`
--

CREATE TABLE IF NOT EXISTS `iscsi_targets` (
  `created_at` datetime DEFAULT NULL,
  `updated_at` datetime DEFAULT NULL,
  `deleted_at` datetime DEFAULT NULL,
  `deleted` tinyint(1) DEFAULT NULL,
  `id` int(11) NOT NULL AUTO_INCREMENT,
  `target_num` int(11) DEFAULT NULL,
  `host` varchar(255) DEFAULT NULL,
  `volume_id` int(11) DEFAULT NULL,
  PRIMARY KEY (`id`),
  KEY `volume_id` (`volume_id`)
) ENGINE=MyISAM DEFAULT CHARSET=latin1 AUTO_INCREMENT=1 ;

--
-- Dumping data for table `iscsi_targets`
--


-- --------------------------------------------------------

--
-- Table structure for table `key_pairs`
--

CREATE TABLE IF NOT EXISTS `key_pairs` (
  `created_at` datetime DEFAULT NULL,
  `updated_at` datetime DEFAULT NULL,
  `deleted_at` datetime DEFAULT NULL,
  `deleted` tinyint(1) DEFAULT NULL,
  `id` int(11) NOT NULL AUTO_INCREMENT,
  `name` varchar(255) DEFAULT NULL,
  `user_id` varchar(255) DEFAULT NULL,
  `fingerprint` varchar(255) DEFAULT NULL,
  `public_key` text,
  PRIMARY KEY (`id`)
) ENGINE=MyISAM  DEFAULT CHARSET=latin1 AUTO_INCREMENT=4 ;

--
-- Dumping data for table `key_pairs`
--

INSERT INTO `key_pairs` (`created_at`, `updated_at`, `deleted_at`, `deleted`, `id`, `name`, `user_id`, `fingerprint`, `public_key`) VALUES
('2011-07-04 09:36:24', NULL, NULL, 0, 1, 'hugo', 'hugo', '1f:76:84:1d:25:df:dd:57:cd:bb:81:ae:74:30:ff:5a', 'ssh-rsa AAAAB3NzaC1yc2EAAAADAQABAAAAgQC0OzWfNNwIHpgQV5qKBD7ciGl3qG4M5jD24jj/2yYSf0Z9MAWb3LrRkBqiH9ArQLavUbkQyn/Ay2/2wT+at2MdpZoxrYEuL5QMXlpYwwHL4NqeONvMKVGsuWXXrLCFFHbfn0qIxV/mDVtBr6YoS7ZvWkyjQ+vNeiCNBxlKOgaCaQ== nova@nova\n'),
('2011-07-05 06:47:55', NULL, NULL, 0, 2, 'hugo2', 'hugo', '85:fb:97:6b:d6:1c:bf:4d:e2:db:77:b9:16:02:64:f7', 'ssh-rsa AAAAB3NzaC1yc2EAAAADAQABAAAAgQDD3UVXTObJbtYvrxJYWbOCJl2X/QOOQgSgzc+KVX9PmGnk+t93Sc2gRibWIk9Sv3b9NG/6sGbw45ZECZ4KhGYdlKnDGyaPF7TP9u1jv14rDi+MCIs8+ObdLSfwZ/gNFpGGJ3kYL5cpKqcWKBYgHH0U/Uf4fky8kWRPGsNWLiUh6Q== nova@nova\n'),
('2011-07-05 08:44:48', NULL, NULL, 0, 3, 'pro1-vpn', 'hugo', '31:29:06:de:c5:af:29:60:b5:79:7f:0f:ae:d4:d0:4a', 'ssh-rsa AAAAB3NzaC1yc2EAAAADAQABAAAAgQDd6JZ4EbSOtrU/iZq7wn6dTT5Uqv/7NV37wbu7o8tGkjw7AIb9UUkHDnEuiUqH8EWYphl+kvq/IB9/ZZNpWnIp3nVcGgkn1oE5Q7tmhmaIFgICINf8JjcI8MQ0JyXzRf8xhdkplXS4VG4M1s6jlgo0rzrQKYYgLNO330QcJ28S0Q== root@nova\n');

-- --------------------------------------------------------

--
-- Table structure for table `migrate_version`
--

CREATE TABLE IF NOT EXISTS `migrate_version` (
  `repository_id` varchar(250) NOT NULL,
  `repository_path` text,
  `version` int(11) DEFAULT NULL,
  PRIMARY KEY (`repository_id`)
) ENGINE=MyISAM DEFAULT CHARSET=latin1;

--
-- Dumping data for table `migrate_version`
--

INSERT INTO `migrate_version` (`repository_id`, `repository_path`, `version`) VALUES
('nova', '/usr/lib/pymodules/python2.7/nova/db/sqlalchemy/migrate_repo', 14);

-- --------------------------------------------------------

--
-- Table structure for table `migrations`
--

CREATE TABLE IF NOT EXISTS `migrations` (
  `created_at` datetime DEFAULT NULL,
  `updated_at` datetime DEFAULT NULL,
  `deleted_at` datetime DEFAULT NULL,
  `deleted` tinyint(1) DEFAULT NULL,
  `id` int(11) NOT NULL AUTO_INCREMENT,
  `source_compute` varchar(255) DEFAULT NULL,
  `dest_compute` varchar(255) DEFAULT NULL,
  `dest_host` varchar(255) DEFAULT NULL,
  `instance_id` int(11) DEFAULT NULL,
  `status` varchar(255) DEFAULT NULL,
  `old_flavor_id` int(11) DEFAULT NULL,
  `new_flavor_id` int(11) DEFAULT NULL,
  PRIMARY KEY (`id`),
  KEY `instance_id` (`instance_id`)
) ENGINE=MyISAM DEFAULT CHARSET=latin1 AUTO_INCREMENT=1 ;

--
-- Dumping data for table `migrations`
--


-- --------------------------------------------------------

--
-- Table structure for table `networks`
--

CREATE TABLE IF NOT EXISTS `networks` (
  `created_at` datetime DEFAULT NULL,
  `updated_at` datetime DEFAULT NULL,
  `deleted_at` datetime DEFAULT NULL,
  `deleted` tinyint(1) DEFAULT NULL,
  `id` int(11) NOT NULL AUTO_INCREMENT,
  `injected` tinyint(1) DEFAULT NULL,
  `cidr` varchar(255) DEFAULT NULL,
  `netmask` varchar(255) DEFAULT NULL,
  `bridge` varchar(255) DEFAULT NULL,
  `gateway` varchar(255) DEFAULT NULL,
  `broadcast` varchar(255) DEFAULT NULL,
  `dns` varchar(255) DEFAULT NULL,
  `vlan` int(11) DEFAULT NULL,
  `vpn_public_address` varchar(255) DEFAULT NULL,
  `vpn_public_port` int(11) DEFAULT NULL,
  `vpn_private_address` varchar(255) DEFAULT NULL,
  `dhcp_start` varchar(255) DEFAULT NULL,
  `project_id` varchar(255) DEFAULT NULL,
  `host` varchar(255) DEFAULT NULL,
  `cidr_v6` varchar(255) DEFAULT NULL,
  `gateway_v6` varchar(255) DEFAULT NULL,
  `label` varchar(255) DEFAULT NULL,
  `netmask_v6` varchar(255) DEFAULT NULL,
  PRIMARY KEY (`id`)
) ENGINE=MyISAM  DEFAULT CHARSET=latin1 AUTO_INCREMENT=4 ;

--
-- Dumping data for table `networks`
--

INSERT INTO `networks` (`created_at`, `updated_at`, `deleted_at`, `deleted`, `id`, `injected`, `cidr`, `netmask`, `bridge`, `gateway`, `broadcast`, `dns`, `vlan`, `vpn_public_address`, `vpn_public_port`, `vpn_private_address`, `dhcp_start`, `project_id`, `host`, `cidr_v6`, `gateway_v6`, `label`, `netmask_v6`) VALUES
('2011-07-04 12:20:50', '2011-07-04 12:21:37', NULL, 0, 1, 0, '10.0.0.0/24', '255.255.255.0', 'br100', '10.0.0.1', '10.0.0.255', NULL, 100, '172.16.4.184', 1000, '10.0.0.2', '10.0.0.3', 'pro1', 'nova', NULL, NULL, NULL, NULL),
('2011-07-05 06:45:08', '2011-07-05 06:48:13', NULL, 0, 2, 0, '10.0.1.0/24', '255.255.255.0', 'br200', '10.0.1.1', '10.0.1.255', NULL, 200, '172.16.4.184', 1000, '10.0.1.2', '10.0.1.3', 'pro2', 'nova', NULL, NULL, NULL, NULL),
('2011-07-05 10:42:38', '2011-07-05 10:52:28', NULL, 0, 3, 0, '10.0.2.0/24', '255.255.255.0', 'br300', '10.0.2.1', '10.0.2.255', NULL, 300, '172.16.4.184', 1000, '10.0.2.2', '10.0.2.3', 'pro3', 'nova', NULL, NULL, NULL, NULL);

-- --------------------------------------------------------

--
-- Table structure for table `projects`
--

CREATE TABLE IF NOT EXISTS `projects` (
  `created_at` datetime DEFAULT NULL,
  `updated_at` datetime DEFAULT NULL,
  `deleted_at` datetime DEFAULT NULL,
  `deleted` tinyint(1) DEFAULT NULL,
  `id` varchar(255) NOT NULL,
  `name` varchar(255) DEFAULT NULL,
  `description` varchar(255) DEFAULT NULL,
  `project_manager` varchar(255) DEFAULT NULL,
  PRIMARY KEY (`id`),
  KEY `project_manager` (`project_manager`)
) ENGINE=MyISAM DEFAULT CHARSET=latin1;

--
-- Dumping data for table `projects`
--

INSERT INTO `projects` (`created_at`, `updated_at`, `deleted_at`, `deleted`, `id`, `name`, `description`, `project_manager`) VALUES
('2011-07-04 09:10:20', NULL, NULL, 0, 'pro1', 'pro1', 'pro1', 'hugo'),
('2011-07-05 06:44:18', NULL, NULL, 0, 'pro2', 'pro2', 'pro2', 'hugo'),
('2011-07-05 10:42:20', NULL, NULL, 0, 'pro3', 'pro3', 'pro3', 'hugo');

-- --------------------------------------------------------

--
-- Table structure for table `quotas`
--

CREATE TABLE IF NOT EXISTS `quotas` (
  `created_at` datetime DEFAULT NULL,
  `updated_at` datetime DEFAULT NULL,
  `deleted_at` datetime DEFAULT NULL,
  `deleted` tinyint(1) DEFAULT NULL,
  `id` int(11) NOT NULL AUTO_INCREMENT,
  `project_id` varchar(255) DEFAULT NULL,
  `instances` int(11) DEFAULT NULL,
  `cores` int(11) DEFAULT NULL,
  `volumes` int(11) DEFAULT NULL,
  `gigabytes` int(11) DEFAULT NULL,
  `floating_ips` int(11) DEFAULT NULL,
  `metadata_items` int(11) DEFAULT NULL,
  PRIMARY KEY (`id`)
) ENGINE=MyISAM DEFAULT CHARSET=latin1 AUTO_INCREMENT=1 ;

--
-- Dumping data for table `quotas`
--


-- --------------------------------------------------------

--
-- Table structure for table `security_groups`
--

CREATE TABLE IF NOT EXISTS `security_groups` (
  `created_at` datetime DEFAULT NULL,
  `updated_at` datetime DEFAULT NULL,
  `deleted_at` datetime DEFAULT NULL,
  `deleted` tinyint(1) DEFAULT NULL,
  `id` int(11) NOT NULL AUTO_INCREMENT,
  `name` varchar(255) DEFAULT NULL,
  `description` varchar(255) DEFAULT NULL,
  `user_id` varchar(255) DEFAULT NULL,
  `project_id` varchar(255) DEFAULT NULL,
  PRIMARY KEY (`id`)
) ENGINE=MyISAM  DEFAULT CHARSET=latin1 AUTO_INCREMENT=5 ;

--
-- Dumping data for table `security_groups`
--

INSERT INTO `security_groups` (`created_at`, `updated_at`, `deleted_at`, `deleted`, `id`, `name`, `description`, `user_id`, `project_id`) VALUES
('2011-07-04 09:36:56', NULL, NULL, 0, 1, 'default', 'default', 'hugo', 'pro1'),
('2011-07-05 06:48:12', NULL, NULL, 0, 2, 'default', 'default', 'hugo', 'pro2'),
('2011-07-05 08:44:49', NULL, NULL, 0, 3, 'pro1-vpn', 'Group for vpn', 'hugo', 'pro1'),
('2011-07-05 10:52:27', NULL, NULL, 0, 4, 'default', 'default', 'hugo', 'pro3');

-- --------------------------------------------------------

--
-- Table structure for table `security_group_instance_association`
--

CREATE TABLE IF NOT EXISTS `security_group_instance_association` (
  `created_at` datetime DEFAULT NULL,
  `updated_at` datetime DEFAULT NULL,
  `deleted_at` datetime DEFAULT NULL,
  `deleted` tinyint(1) DEFAULT NULL,
  `id` int(11) NOT NULL AUTO_INCREMENT,
  `security_group_id` int(11) DEFAULT NULL,
  `instance_id` int(11) DEFAULT NULL,
  PRIMARY KEY (`id`),
  KEY `instance_id` (`instance_id`),
  KEY `security_group_id` (`security_group_id`)
) ENGINE=MyISAM  DEFAULT CHARSET=latin1 AUTO_INCREMENT=33 ;

--
-- Dumping data for table `security_group_instance_association`
--

INSERT INTO `security_group_instance_association` (`created_at`, `updated_at`, `deleted_at`, `deleted`, `id`, `security_group_id`, `instance_id`) VALUES
('2011-07-04 09:36:56', NULL, '2011-07-04 10:05:41', 1, 1, 1, 1),
('2011-07-04 09:39:13', NULL, '2011-07-04 10:05:38', 1, 2, 1, 2),
('2011-07-04 09:44:45', NULL, '2011-07-04 10:05:40', 1, 3, 1, 3),
('2011-07-04 09:46:13', NULL, '2011-07-04 12:13:59', 1, 4, 1, 4),
('2011-07-04 10:25:07', NULL, '2011-07-04 12:13:57', 1, 5, 1, 5),
('2011-07-04 10:26:42', NULL, '2011-07-04 12:14:00', 1, 6, 1, 6),
('2011-07-04 12:21:35', NULL, '2011-07-05 02:47:30', 1, 7, 1, 7),
('2011-07-04 12:23:31', NULL, '2011-07-05 02:47:32', 1, 8, 1, 8),
('2011-07-05 02:38:56', NULL, '2011-07-05 02:47:29', 1, 9, 1, 9),
('2011-07-05 03:33:00', NULL, '2011-07-05 05:34:08', 1, 10, 1, 10),
('2011-07-05 03:48:07', NULL, '2011-07-05 05:34:10', 1, 11, 1, 11),
('2011-07-05 04:00:26', NULL, '2011-07-05 05:34:05', 1, 12, 1, 12),
('2011-07-05 04:01:36', NULL, '2011-07-05 05:34:09', 1, 13, 1, 13),
('2011-07-05 04:54:14', NULL, '2011-07-05 05:34:07', 1, 14, 1, 14),
('2011-07-05 05:34:25', NULL, '2011-07-05 08:38:16', 1, 15, 1, 15),
('2011-07-05 06:01:04', NULL, '2011-07-05 08:38:11', 1, 16, 1, 16),
('2011-07-05 06:48:13', NULL, '2011-07-05 06:51:48', 1, 17, 2, 17),
('2011-07-05 06:51:53', NULL, '2011-07-05 08:38:18', 1, 18, 2, 18),
('2011-07-05 08:40:00', NULL, '2011-07-05 09:05:34', 1, 19, 1, 19),
('2011-07-05 08:48:32', NULL, '2011-07-05 09:05:40', 1, 20, 1, 20),
('2011-07-05 08:48:33', NULL, '2011-07-05 09:05:32', 1, 21, 1, 21),
('2011-07-05 08:48:33', NULL, '2011-07-05 09:05:28', 1, 22, 1, 22),
('2011-07-05 08:48:33', NULL, '2011-07-05 09:05:26', 1, 23, 1, 23),
('2011-07-05 08:59:10', NULL, '2011-07-05 09:05:24', 1, 24, 1, 24),
('2011-07-05 10:41:46', NULL, '2011-07-05 10:54:55', 1, 25, 1, 25),
('2011-07-05 10:52:27', NULL, '2011-07-05 10:55:01', 1, 26, 4, 26),
('2011-07-05 11:01:24', NULL, '2011-07-05 11:04:42', 1, 27, 4, 27),
('2011-07-05 11:03:03', NULL, '2011-07-05 11:04:40', 1, 28, 1, 28),
('2011-07-05 11:05:55', NULL, NULL, 0, 29, 1, 29),
('2011-07-05 11:07:17', NULL, NULL, 0, 30, 1, 30),
('2011-07-05 11:09:45', NULL, NULL, 0, 31, 1, 31),
('2011-07-05 11:10:24', NULL, NULL, 0, 32, 4, 32);

-- --------------------------------------------------------

--
-- Table structure for table `security_group_rules`
--

CREATE TABLE IF NOT EXISTS `security_group_rules` (
  `created_at` datetime DEFAULT NULL,
  `updated_at` datetime DEFAULT NULL,
  `deleted_at` datetime DEFAULT NULL,
  `deleted` tinyint(1) DEFAULT NULL,
  `id` int(11) NOT NULL AUTO_INCREMENT,
  `parent_group_id` int(11) DEFAULT NULL,
  `protocol` varchar(255) DEFAULT NULL,
  `from_port` int(11) DEFAULT NULL,
  `to_port` int(11) DEFAULT NULL,
  `cidr` varchar(255) DEFAULT NULL,
  `group_id` int(11) DEFAULT NULL,
  PRIMARY KEY (`id`),
  KEY `group_id` (`group_id`),
  KEY `parent_group_id` (`parent_group_id`)
) ENGINE=MyISAM  DEFAULT CHARSET=latin1 AUTO_INCREMENT=6 ;

--
-- Dumping data for table `security_group_rules`
--

INSERT INTO `security_group_rules` (`created_at`, `updated_at`, `deleted_at`, `deleted`, `id`, `parent_group_id`, `protocol`, `from_port`, `to_port`, `cidr`, `group_id`) VALUES
('2011-07-05 05:52:17', NULL, NULL, 0, 1, 1, 'icmp', -1, -1, '0.0.0.0/0', NULL),
('2011-07-05 05:52:42', NULL, NULL, 0, 2, 1, 'tcp', 22, 22, '0.0.0.0/0', NULL),
('2011-07-05 06:05:11', NULL, NULL, 0, 3, 1, 'tcp', 80, 80, '0.0.0.0/0', NULL),
('2011-07-05 08:44:49', NULL, NULL, 0, 4, 3, 'udp', 1194, 1194, '0.0.0.0/0', NULL),
('2011-07-05 08:44:49', NULL, NULL, 0, 5, 3, 'icmp', -1, -1, '0.0.0.0/0', NULL);

-- --------------------------------------------------------

--
-- Table structure for table `services`
--

CREATE TABLE IF NOT EXISTS `services` (
  `created_at` datetime DEFAULT NULL,
  `updated_at` datetime DEFAULT NULL,
  `deleted_at` datetime DEFAULT NULL,
  `deleted` tinyint(1) DEFAULT NULL,
  `id` int(11) NOT NULL AUTO_INCREMENT,
  `host` varchar(255) DEFAULT NULL,
  `binary` varchar(255) DEFAULT NULL,
  `topic` varchar(255) DEFAULT NULL,
  `report_count` int(11) NOT NULL,
  `disabled` tinyint(1) DEFAULT NULL,
  `availability_zone` varchar(255) DEFAULT NULL,
  PRIMARY KEY (`id`)
) ENGINE=MyISAM  DEFAULT CHARSET=latin1 AUTO_INCREMENT=4 ;

--
-- Dumping data for table `services`
--

INSERT INTO `services` (`created_at`, `updated_at`, `deleted_at`, `deleted`, `id`, `host`, `binary`, `topic`, `report_count`, `disabled`, `availability_zone`) VALUES
('2011-07-04 09:09:52', '2011-07-06 03:00:54', NULL, 0, 1, 'com001', 'nova-compute', 'compute', 15014, 0, 'nova'),
('2011-07-04 09:34:07', '2011-07-06 03:00:55', NULL, 0, 2, 'nova', 'nova-scheduler', 'scheduler', 14875, 0, 'nova'),
('2011-07-04 09:34:07', '2011-07-06 03:00:58', NULL, 0, 3, 'nova', 'nova-network', 'network', 14825, 0, 'nova');

-- --------------------------------------------------------

--
-- Table structure for table `users`
--

CREATE TABLE IF NOT EXISTS `users` (
  `created_at` datetime DEFAULT NULL,
  `updated_at` datetime DEFAULT NULL,
  `deleted_at` datetime DEFAULT NULL,
  `deleted` tinyint(1) DEFAULT NULL,
  `id` varchar(255) NOT NULL,
  `name` varchar(255) DEFAULT NULL,
  `access_key` varchar(255) DEFAULT NULL,
  `secret_key` varchar(255) DEFAULT NULL,
  `is_admin` tinyint(1) DEFAULT NULL,
  PRIMARY KEY (`id`)
) ENGINE=MyISAM DEFAULT CHARSET=latin1;

--
-- Dumping data for table `users`
--

INSERT INTO `users` (`created_at`, `updated_at`, `deleted_at`, `deleted`, `id`, `name`, `access_key`, `secret_key`, `is_admin`) VALUES
('2011-07-04 09:10:08', NULL, NULL, 0, 'hugo', NULL, 'b748dae9-be52-442b-ad54-f9792adba43d', 'ccc689ed-1063-4e4e-a781-6f1166e0f970', 1);

-- --------------------------------------------------------

--
-- Table structure for table `user_project_association`
--

CREATE TABLE IF NOT EXISTS `user_project_association` (
  `created_at` datetime DEFAULT NULL,
  `updated_at` datetime DEFAULT NULL,
  `deleted_at` datetime DEFAULT NULL,
  `deleted` tinyint(1) DEFAULT NULL,
  `user_id` varchar(255) NOT NULL,
  `project_id` varchar(255) NOT NULL,
  PRIMARY KEY (`user_id`,`project_id`),
  KEY `project_id` (`project_id`)
) ENGINE=MyISAM DEFAULT CHARSET=latin1;

--
-- Dumping data for table `user_project_association`
--

INSERT INTO `user_project_association` (`created_at`, `updated_at`, `deleted_at`, `deleted`, `user_id`, `project_id`) VALUES
('2011-07-04 09:10:20', NULL, NULL, 0, 'hugo', 'pro1'),
('2011-07-05 06:44:18', NULL, NULL, 0, 'hugo', 'pro2'),
('2011-07-05 10:42:20', NULL, NULL, 0, 'hugo', 'pro3');

-- --------------------------------------------------------

--
-- Table structure for table `user_project_role_association`
--

CREATE TABLE IF NOT EXISTS `user_project_role_association` (
  `created_at` datetime DEFAULT NULL,
  `updated_at` datetime DEFAULT NULL,
  `deleted_at` datetime DEFAULT NULL,
  `deleted` tinyint(1) DEFAULT NULL,
  `user_id` varchar(255) NOT NULL,
  `project_id` varchar(255) NOT NULL,
  `role` varchar(255) NOT NULL,
  PRIMARY KEY (`user_id`,`project_id`,`role`)
) ENGINE=MyISAM DEFAULT CHARSET=latin1;

--
-- Dumping data for table `user_project_role_association`
--


-- --------------------------------------------------------

--
-- Table structure for table `user_role_association`
--

CREATE TABLE IF NOT EXISTS `user_role_association` (
  `created_at` datetime DEFAULT NULL,
  `updated_at` datetime DEFAULT NULL,
  `deleted_at` datetime DEFAULT NULL,
  `deleted` tinyint(1) DEFAULT NULL,
  `user_id` varchar(255) NOT NULL,
  `role` varchar(255) NOT NULL,
  PRIMARY KEY (`user_id`,`role`)
) ENGINE=MyISAM DEFAULT CHARSET=latin1;

--
-- Dumping data for table `user_role_association`
--


-- --------------------------------------------------------

--
-- Table structure for table `volumes`
--

CREATE TABLE IF NOT EXISTS `volumes` (
  `created_at` datetime DEFAULT NULL,
  `updated_at` datetime DEFAULT NULL,
  `deleted_at` datetime DEFAULT NULL,
  `deleted` tinyint(1) DEFAULT NULL,
  `id` int(11) NOT NULL AUTO_INCREMENT,
  `ec2_id` varchar(255) DEFAULT NULL,
  `user_id` varchar(255) DEFAULT NULL,
  `project_id` varchar(255) DEFAULT NULL,
  `host` varchar(255) DEFAULT NULL,
  `size` int(11) DEFAULT NULL,
  `availability_zone` varchar(255) DEFAULT NULL,
  `instance_id` int(11) DEFAULT NULL,
  `mountpoint` varchar(255) DEFAULT NULL,
  `attach_time` varchar(255) DEFAULT NULL,
  `status` varchar(255) DEFAULT NULL,
  `attach_status` varchar(255) DEFAULT NULL,
  `scheduled_at` datetime DEFAULT NULL,
  `launched_at` datetime DEFAULT NULL,
  `terminated_at` datetime DEFAULT NULL,
  `display_name` varchar(255) DEFAULT NULL,
  `display_description` varchar(255) DEFAULT NULL,
  `provider_location` varchar(256) DEFAULT NULL,
  `provider_auth` varchar(256) DEFAULT NULL,
  PRIMARY KEY (`id`),
  KEY `instance_id` (`instance_id`)
) ENGINE=MyISAM DEFAULT CHARSET=latin1 AUTO_INCREMENT=1 ;

--
-- Dumping data for table `volumes`
--


-- --------------------------------------------------------

--
-- Table structure for table `zones`
--

CREATE TABLE IF NOT EXISTS `zones` (
  `created_at` datetime DEFAULT NULL,
  `updated_at` datetime DEFAULT NULL,
  `deleted_at` datetime DEFAULT NULL,
  `deleted` tinyint(1) DEFAULT NULL,
  `id` int(11) NOT NULL AUTO_INCREMENT,
  `api_url` varchar(255) DEFAULT NULL,
  `username` varchar(255) DEFAULT NULL,
  `password` varchar(255) DEFAULT NULL,
  PRIMARY KEY (`id`)
) ENGINE=MyISAM DEFAULT CHARSET=latin1 AUTO_INCREMENT=1 ;

--
-- Dumping data for table `zones`
--

